pk,round,total_earned,category,round_times,team_member,len_description,admin_profile_followers,admin_profile_following,admin_position,admin_grants_owned,admin_grants_contributed,stars,commits,issues,comments,tweet_count,count_likes,count_comments,count_retweet,followers_count,followings_count
149,12,154504.96,dApp Tech,9,4,5398,19052,18948,19,1,30,0,0,0,0,37,238,11,64,8725,18
149,11,37891.81,dApp Tech,8,4,5398,19052,18948,19,1,30,0,0,0,0,49,213,24,35,8725,18
149,10,45303.31,dApp Tech,7,4,5398,19052,18948,19,1,30,0,0,0,0,50,170,18,19,8725,18
149,9,19282.23,dApp Tech,6,4,5398,19052,18948,19,1,30,0,0,0,0,46,221,18,75,8725,18
149,8,25615.72,dApp Tech,5,4,5398,19052,18948,19,1,30,0,0,0,0,50,149,21,24,8725,18
149,7,28550.04,dApp Tech,4,4,5398,19052,18948,19,1,30,0,0,0,0,49,165,21,31,8725,18
149,6,4527.64,dApp Tech,3,4,5398,19052,18948,19,1,30,8,62,2,45,51,330,29,103,8725,18
149,5,3745.48,dApp Tech,2,4,5398,19052,18948,19,1,30,10,71,2,48,49,131,25,29,8725,18
149,4,3961.96,dApp Tech,1,4,5398,19052,18948,19,1,30,16,40,1,63,50,153,18,30,8725,18
4352,12,241184.2,Grants Round 12,1,,,,,,,,18,107,0,58,51,4044,371,350,58382,107
3857,12,112437.23,Community,1,3,775,8582,8600,87,1,0,13,10,0,7,0,0,0,0,31,0
172,12,111917.98,dApp Tech,8,1,1341,20183,20182,40,1,4,0,0,0,0,3,32,12,6,1821,61
172,11,26618.25,dApp Tech,7,1,1341,20183,20182,40,1,4,0,0,0,0,0,0,0,0,1821,61
172,10,419.25,dApp Tech,6,1,1341,20183,20182,40,1,4,0,0,0,0,0,0,0,0,1821,61
172,9,20716.54,dApp Tech,5,1,1341,20183,20182,40,1,4,0,0,0,0,1,9,2,4,1821,61
172,8,611.22,dApp Tech,4,1,1341,20183,20182,40,1,4,0,0,0,0,1,3,0,1,1821,61
172,7,133.63,dApp Tech,3,1,1341,20183,20182,40,1,4,3,43,0,1,2,4,0,1,1821,61
172,6,1482.01,dApp Tech,2,1,1341,20183,20182,40,1,4,0,11,0,0,1,5,0,2,1821,61
172,5,549.96,dApp Tech,1,1,1341,20183,20182,40,1,4,2,108,0,0,5,59,1,14,1821,61
1143,12,84816.85,dApp Tech,6,,,,,,,,0,0,0,0,4,67,4,6,12321,599
1143,11,44859.04,dApp Tech,5,,,,,,,,0,0,0,0,46,1477,99,272,12321,599
1143,10,5764.71,dApp Tech,4,,,,,,,,0,0,0,0,13,37,1,7,12321,599
1143,9,1450.87,dApp Tech,3,,,,,,,,3,5,0,4,7,19,1,4,12321,599
1143,8,1244.53,dApp Tech,2,,,,,,,,1,7,0,2,8,16,4,3,12321,599
1143,7,615.38,dApp Tech,1,,,,,,,,3,1,1,26,20,77,10,13,12321,599
1592,12,71109.66,dApp Tech,5,2,456,10649,10672,91,3,6,0,0,0,0,0,0,0,0,10647,4
1592,11,19155.27,dApp Tech,4,2,456,10649,10672,91,3,6,0,0,0,0,2,98,7,26,10647,4
1592,10,21178.95,dApp Tech,3,2,456,10649,10672,91,3,6,0,0,0,0,2,328,83,57,10647,4
1592,9,7614.55,dApp Tech,2,2,456,10649,10672,91,3,6,46,57,6,129,3,309,24,39,10647,4
1592,8,154414.45,dApp Tech,1,2,456,10649,10672,91,3,6,30,120,8,84,2,28,0,7,10647,4
337,12,50776.68,Infra Tech,7,2,2459,10752,10730,312,4,67,0,0,0,0,0,0,0,0,309,3
337,11,9856.43,Infra Tech,6,2,2459,10752,10730,312,4,67,0,0,0,0,1,3,1,1,309,3
337,10,12886.87,Infra Tech,5,2,2459,10752,10730,312,4,67,0,0,0,0,0,0,0,0,309,3
337,9,12185.65,Infra Tech,4,2,2459,10752,10730,312,4,67,0,0,0,0,2,3,0,2,309,3
337,8,5620.65,Infra Tech,3,2,2459,10752,10730,312,4,67,0,3,0,0,0,0,0,0,309,3
337,7,1380.72,Infra Tech,2,2,2459,10752,10730,312,4,67,0,0,0,0,0,0,0,0,309,3
337,6,0.08,Infra Tech,1,2,2459,10752,10730,312,4,67,0,0,0,0,0,0,0,0,309,3
2323,12,180574.64,dApp Tech,4,3,3645,24478,24487,97,3,43,0,0,0,0,9,696,101,440,23327,106
2323,11,97934.07,dApp Tech,3,3,3645,24478,24487,97,3,43,15,2,0,2,0,0,0,0,23327,106
2323,10,41943.51,dApp Tech,2,3,3645,24478,24487,97,3,43,25,56,1,57,46,787,69,82,23327,106
2323,9,17369.47,dApp Tech,1,3,3645,24478,24487,97,3,43,8,0,0,0,12,295,31,45,23327,106
4019,12,71747.35,dGov,1,1,23793,11613,11651,16,2,2,0,135,0,0,6,30,3,12,253,40
821,12,80342.05,Infra Tech,7,2,6889,20755,20710,18,3,142,0,0,0,0,12,357,29,88,4799,0
821,11,38557.53,Infra Tech,6,2,6889,20755,20710,18,3,142,0,0,0,0,2,70,2,19,4799,0
821,10,18003.53,Infra Tech,5,2,6889,20755,20710,18,3,142,0,0,0,0,10,88,6,19,4799,0
821,9,22730.57,Infra Tech,4,2,6889,20755,20710,18,3,142,0,0,0,0,13,62,10,17,4799,0
821,8,3814.98,Infra Tech,3,2,6889,20755,20710,18,3,142,1,16,0,24,5,18,1,3,4799,0
821,7,4333.0,Infra Tech,2,2,6889,20755,20710,18,3,142,2,8,0,10,4,40,8,10,4799,0
821,6,2400.79,Infra Tech,1,2,6889,20755,20710,18,3,142,10,0,1,3,9,165,8,44,4799,0
3133,12,91301.78,Infra Tech,3,,,,,,,,8,75,0,34,53,2665,307,395,18419,1440
3133,11,57347.62,Infra Tech,2,,,,,,,,3,390,0,3,53,14243,1730,2107,18419,1440
3133,10,3453.55,Infra Tech,1,,,,,,,,1,554,0,2,5,52,3,23,18419,1440
490,12,98819.58,NFTs,8,1,3337,25062,25020,54,1,86,0,0,0,0,27,3975,447,1018,61712,889
490,11,69417.78,NFTs,7,1,3337,25062,25020,54,1,86,0,0,0,0,59,3115,412,481,61712,889
490,10,58214.3,NFTs,6,1,3337,25062,25020,54,1,86,0,0,0,0,17,645,60,129,61712,889
490,9,46686.34,NFTs,5,1,3337,25062,25020,54,1,86,0,0,0,0,10,186,15,28,61712,889
490,8,10108.34,NFTs,4,1,3337,25062,25020,54,1,86,0,0,0,0,7,67,6,5,61712,889
490,7,11254.21,NFTs,3,1,3337,25062,25020,54,1,86,0,4,0,0,15,486,24,101,61712,889
490,6,3160.85,NFTs,2,1,3337,25062,25020,54,1,86,0,35,0,1,6,34,2,8,61712,889
490,5,6148.32,NFTs,1,1,3337,25062,25020,54,1,86,0,3,0,0,11,136,9,35,61712,889
1080,12,46985.5,dApp Tech,4,1,2699,1761,1773,222,2,296,0,0,0,0,38,927,106,233,2530,126
1080,11,65.29,dApp Tech,3,1,2699,1761,1773,222,2,296,1,102,0,0,16,263,13,24,2530,126
1080,10,112.16,dApp Tech,2,1,2699,1761,1773,222,2,296,1,238,0,2,4,224,15,53,2530,126
1080,9,173.37,dApp Tech,1,1,2699,1761,1773,222,2,296,0,0,0,0,8,56,47,10,2530,126
3335,12,35256.44,Infra Tech,2,1,5434,,,325,,,1,0,0,0,5,1656,69,256,4542,344
3335,11,15548.58,Infra Tech,1,1,5434,,,325,,,0,0,0,0,3,72,19,16,4542,344
1403,12,47924.82,NFTs,4,3,5656,13433,13432,86,2,113,0,0,0,0,7,25,3,4,1113,1166
1403,11,19329.74,NFTs,3,3,5656,13433,13432,86,2,113,0,57,0,3,5,7,3,3,1113,1166
1403,10,14219.42,NFTs,2,3,5656,13433,13432,86,2,113,1,56,0,5,27,325,40,69,1113,1166
1403,9,8241.31,NFTs,1,3,5656,13433,13432,86,2,113,2,46,0,8,14,153,6,42,1113,1166
4165,12,37821.9,Grants Round 12,1,,,,,,,,9,0,0,0,3,263,14,49,14611,9
191,12,31719.37,dApp Tech,9,3,3476,15453,15423,61,1,86,0,0,0,0,15,258,22,49,14227,381
191,11,18542.85,dApp Tech,8,3,3476,15453,15423,61,1,86,0,0,0,0,18,982,199,319,14227,381
191,10,47951.92,dApp Tech,7,3,3476,15453,15423,61,1,86,0,0,0,0,8,57,2,37,14227,381
191,9,17238.27,dApp Tech,6,3,3476,15453,15423,61,1,86,0,0,0,0,17,461,18,175,14227,381
191,8,9956.68,dApp Tech,5,3,3476,15453,15423,61,1,86,0,0,0,0,13,137,7,47,14227,381
191,7,35231.51,dApp Tech,4,3,3476,15453,15423,61,1,86,0,0,0,0,36,1529,129,364,14227,381
191,6,1392.16,dApp Tech,3,3,3476,15453,15423,61,1,86,3,97,3,51,19,239,6,73,14227,381
191,5,815.42,dApp Tech,2,3,3476,15453,15423,61,1,86,1,88,2,15,18,232,20,65,14227,381
191,4,1535.27,dApp Tech,1,3,3476,15453,15423,61,1,86,1,33,0,2,7,125,21,35,14227,381
3930,12,19759.06,Community,1,2,7839,385,382,0,2,21,0,2,0,0,52,173,31,11,1901,2606
1809,12,33372.4,dApp Tech,5,1,1209,8364,8369,9,1,55,0,0,0,0,16,333,33,68,22123,2222
1809,11,13760.45,dApp Tech,4,1,1209,8364,8369,9,1,55,0,0,0,0,24,289,30,39,22123,2222
1809,10,3244.53,dApp Tech,3,1,1209,8364,8369,9,1,55,0,0,0,0,12,213,31,19,22123,2222
1809,9,24595.55,dApp Tech,2,1,1209,8364,8369,9,1,55,34,226,0,11,30,847,94,116,22123,2222
1809,8,8213.36,dApp Tech,1,1,1209,8364,8369,9,1,55,2,13,0,0,16,143,15,41,22123,2222
2916,12,27756.77,Community,3,,,,,,,,4,238,3,102,49,3033,582,547,56903,28
2916,11,9706.13,Community,2,,,,,,,,4,197,5,77,61,2065,124,549,56903,28
2916,10,2002.01,Community,1,,,,,,,,8,69,1,25,61,1867,181,372,56903,28
3386,12,28073.06,dGov,2,3,2528,5045,5054,198,1,0,1,25,0,22,46,1711,141,484,1319,584
3386,11,11218.48,dGov,1,3,2528,5045,5054,198,1,0,0,0,0,0,27,143,22,68,1319,584
3012,12,22376.78,dApp Tech,3,2,2052,4938,4956,768,2,2,1,17,1,14,0,0,0,0,105,5
3012,11,6938.24,dApp Tech,2,2,2052,4938,4956,768,2,2,0,8,0,0,1,0,0,0,105,5
3012,10,16.47,dApp Tech,1,2,2052,4938,4956,768,2,2,0,41,0,1,1,1,2,0,105,5
13,12,37314.26,Infra Tech,12,1,1616,13211,13239,34,1,149,0,0,0,0,28,632,82,116,4156,241
13,11,13186.37,Infra Tech,11,1,1616,13211,13239,34,1,149,0,0,0,0,29,2328,75,1664,4156,241
13,10,49137.45,Infra Tech,10,1,1616,13211,13239,34,1,149,0,0,0,0,37,404,36,55,4156,241
13,9,21223.5,Infra Tech,9,1,1616,13211,13239,34,1,149,0,0,0,0,14,126,11,3,4156,241
13,8,24791.6,Infra Tech,8,1,1616,13211,13239,34,1,149,0,0,0,0,33,238,38,37,4156,241
13,7,6209.48,Infra Tech,7,1,1616,13211,13239,34,1,149,0,0,0,0,9,66,8,10,4156,241
13,6,4297.01,Infra Tech,6,1,1616,13211,13239,34,1,149,0,0,0,0,33,67,29,9,4156,241
13,5,2742.39,Infra Tech,5,1,1616,13211,13239,34,1,149,0,0,0,0,13,109,11,19,4156,241
13,4,3086.0,Infra Tech,4,1,1616,13211,13239,34,1,149,0,0,0,0,10,40,13,8,4156,241
13,3,7205.53,Infra Tech,3,1,1616,13211,13239,34,1,149,0,0,0,0,14,104,15,6,4156,241
13,2,3290.92,Infra Tech,2,1,1616,13211,13239,34,1,149,26,1,0,88,6,14,6,1,4156,241
13,1,3003.27,Infra Tech,1,1,1616,13211,13239,34,1,149,20,18,1,82,13,52,7,9,4156,241
3814,12,47713.56,Community,1,,,,,,,,0,1,0,0,2,13,2,2,6636,5
25,12,30502.35,Infra Tech,12,1,364,12136,12158,16,1,6,0,0,0,0,2,6,3,1,3948,312
25,11,13652.53,Infra Tech,11,1,364,12136,12158,16,1,6,0,0,0,0,8,283,19,59,3948,312
25,10,52446.07,Infra Tech,10,1,364,12136,12158,16,1,6,0,0,0,0,3,54,1,4,3948,312
25,9,17564.72,Infra Tech,9,1,364,12136,12158,16,1,6,0,0,0,0,5,111,4,27,3948,312
25,8,37892.28,Infra Tech,8,1,364,12136,12158,16,1,6,0,0,0,0,10,465,15,69,3948,312
25,7,3214.91,Infra Tech,7,1,364,12136,12158,16,1,6,0,0,0,0,4,41,1,7,3948,312
25,6,4727.57,Infra Tech,6,1,364,12136,12158,16,1,6,0,0,0,0,1,25,3,2,3948,312
25,5,2242.98,Infra Tech,5,1,364,12136,12158,16,1,6,0,0,0,0,0,0,0,0,3948,312
25,4,3020.28,Infra Tech,4,1,364,12136,12158,16,1,6,0,0,0,0,30,454,28,70,3948,312
25,3,15160.45,Infra Tech,3,1,364,12136,12158,16,1,6,0,0,0,0,10,726,26,145,3948,312
25,2,4162.0,Infra Tech,2,1,364,12136,12158,16,1,6,9,302,0,93,5,226,24,47,3948,312
25,1,2105.16,Infra Tech,1,1,364,12136,12158,16,1,6,6,128,0,83,21,341,46,84,3948,312
24,12,27615.18,Infra Tech,12,3,1008,14042,13972,38,1,14,0,0,0,0,1,41,4,9,17006,9
24,11,20275.63,Infra Tech,11,3,1008,14042,13972,38,1,14,0,0,0,0,0,0,0,0,17006,9
24,10,54210.29,Infra Tech,10,3,1008,14042,13972,38,1,14,0,0,0,0,1,30,1,6,17006,9
24,9,29459.4,Infra Tech,9,3,1008,14042,13972,38,1,14,0,0,0,0,0,0,0,0,17006,9
24,8,41549.79,Infra Tech,8,3,1008,14042,13972,38,1,14,0,0,0,0,3,180,1,39,17006,9
24,7,5912.97,Infra Tech,7,3,1008,14042,13972,38,1,14,0,0,0,0,1,73,1,22,17006,9
24,6,7660.0,Infra Tech,6,3,1008,14042,13972,38,1,14,0,0,0,0,0,0,0,0,17006,9
24,5,3885.12,Infra Tech,5,3,1008,14042,13972,38,1,14,0,0,0,0,1,82,1,19,17006,9
24,4,7803.43,Infra Tech,4,3,1008,14042,13972,38,1,14,0,0,0,0,0,0,0,0,17006,9
24,3,14001.58,Infra Tech,3,3,1008,14042,13972,38,1,14,0,0,0,0,0,0,0,0,17006,9
24,2,9263.0,Infra Tech,2,3,1008,14042,13972,38,1,14,35,106,0,350,1,261,7,74,17006,9
24,1,5925.03,Infra Tech,1,3,1008,14042,13972,38,1,14,17,80,0,216,0,0,0,0,17006,9
972,12,19295.6,Infra Tech,7,1,3255,6428,6451,147,5,54,0,0,0,0,23,587,219,68,3202,3415
972,11,13277.74,Infra Tech,6,1,3255,6428,6451,147,5,54,0,0,0,0,48,397,35,42,3202,3415
972,10,6824.48,Infra Tech,5,1,3255,6428,6451,147,5,54,0,0,0,0,13,132,11,19,3202,3415
972,9,4312.81,Infra Tech,4,1,3255,6428,6451,147,5,54,0,0,0,0,53,302,52,62,3202,3415
972,8,10474.92,Infra Tech,3,1,3255,6428,6451,147,5,54,9,10,0,7,21,161,18,27,3202,3415
972,7,215.08,Infra Tech,2,1,3255,6428,6451,147,5,54,5,21,0,28,14,53,12,6,3202,3415
972,6,38.13,Infra Tech,1,1,3255,6428,6451,147,5,54,4,35,0,8,9,107,12,18,3202,3415
2575,12,11914.36,dApp Tech,3,1,733,6959,6979,32,1,49,0,0,0,0,0,0,0,0,2981,9
2575,11,5643.38,dApp Tech,2,1,733,6959,6979,32,1,49,0,0,0,0,15,63,10,10,2981,9
2575,10,11146.3,dApp Tech,1,1,733,6959,6979,32,1,49,0,0,0,0,8,336,34,120,2981,9
2235,12,14652.46,dApp Tech,4,2,1518,5229,5238,24,2,79,0,0,0,0,4,148,23,59,1353,99
2235,11,8596.39,dApp Tech,3,2,1518,5229,5238,24,2,79,0,0,0,0,1,3,0,0,1353,99
2235,10,486.01,dApp Tech,2,2,1518,5229,5238,24,2,79,0,26,2,8,7,11,1,2,1353,99
2235,9,2722.85,dApp Tech,1,2,1518,5229,5238,24,2,79,0,0,0,0,5,191,9,56,1353,99
3059,12,40062.89,dApp Tech,3,5,3397,2822,2837,148,1,24,0,0,0,0,13,1056,46,199,12047,389
3059,11,5961.36,dApp Tech,2,5,3397,2822,2837,148,1,24,1,0,0,0,8,231,14,64,12047,389
3059,10,364.05,dApp Tech,1,5,3397,2822,2837,148,1,24,0,0,0,0,1,31,2,10,12047,389
329,12,16276.72,Community,12,1,556,9555,9603,45,4,58,0,0,0,0,26,537,21,107,15436,45
329,11,25707.03,Community,11,1,556,9555,9603,45,4,58,0,0,0,0,12,96,4,17,15436,45
329,10,4268.41,Community,10,1,556,9555,9603,45,4,58,0,0,0,0,14,212,16,47,15436,45
329,9,8337.15,Community,9,1,556,9555,9603,45,4,58,0,0,0,0,23,317,12,87,15436,45
329,8,5118.79,Community,8,1,556,9555,9603,45,4,58,0,0,0,0,13,95,1,29,15436,45
329,7,11431.8,Community,7,1,556,9555,9603,45,4,58,0,0,0,0,12,81,6,24,15436,45
329,6,1584.51,Community,6,1,556,9555,9603,45,4,58,0,0,0,0,17,128,3,34,15436,45
329,5,618.41,Community,5,1,556,9555,9603,45,4,58,0,0,0,0,23,309,9,97,15436,45
329,4,3392.7,Community,4,1,556,9555,9603,45,4,58,0,0,0,0,30,309,19,47,15436,45
329,3,448.0,Community,3,1,556,9555,9603,45,4,58,0,0,0,0,11,538,173,93,15436,45
329,2,677.0,Community,2,1,556,9555,9603,45,4,58,0,0,0,0,26,374,12,120,15436,45
329,1,474.3,Community,1,1,556,9555,9603,45,4,58,0,0,0,0,5,21,0,6,15436,45
2229,12,11486.32,dApp Tech,4,4,1295,4432,4446,67,2,5,0,0,0,0,12,109,8,24,3772,5
2229,11,54.74,dApp Tech,3,4,1295,4432,4446,67,2,5,35,69,0,5,22,359,41,126,3772,5
2229,10,1888.47,dApp Tech,2,4,1295,4432,4446,67,2,5,7,85,0,6,12,152,14,58,3772,5
2229,9,157.45,dApp Tech,1,4,1295,4432,4446,67,2,5,1,271,0,24,13,854924,34341,106167,3772,5
3595,12,11789.74,Community,2,4,440,9555,9603,45,4,58,12,0,0,0,30,847,22,174,2212,9
3595,11,152.9,Community,1,4,440,9555,9603,45,4,58,9,0,1,24,2,89,2,26,2212,9
2851,12,13659.2,Infra Tech,3,1,475,9970,9946,120,6,39,240,19,1,16,30,475,86,71,45760,5871
2851,11,3976.87,Infra Tech,2,1,475,9970,9946,120,6,39,298,34,4,63,86,7468,468,712,45760,5871
2851,10,8687.53,Infra Tech,1,1,475,9970,9946,120,6,39,141,40,10,119,104,2416,196,446,45760,5871
137,12,28571.18,Infra Tech,10,5,3196,9291,9275,43,1,2,0,0,0,0,21,221,30,46,4470,1161
137,11,14292.11,Infra Tech,9,5,3196,9291,9275,43,1,2,0,0,0,0,7,344,25,49,4470,1161
137,10,12775.52,Infra Tech,8,5,3196,9291,9275,43,1,2,0,0,0,0,18,316,8,87,4470,1161
137,9,16552.08,Infra Tech,7,5,3196,9291,9275,43,1,2,0,0,0,0,23,345,30,91,4470,1161
137,8,49679.86,Infra Tech,6,5,3196,9291,9275,43,1,2,0,0,0,0,24,1779,114,229,4470,1161
137,7,4128.78,Infra Tech,5,5,3196,9291,9275,43,1,2,0,0,0,0,19,261,34,82,4470,1161
137,6,546.69,Infra Tech,4,5,3196,9291,9275,43,1,2,0,0,0,0,5,284,9,84,4470,1161
137,5,242.1,Infra Tech,3,5,3196,9291,9275,43,1,2,28,267,5,211,4,135,4,29,4470,1161
137,4,1500.85,Infra Tech,2,5,3196,9291,9275,43,1,2,45,564,20,346,1,30,0,9,4470,1161
137,3,1794.43,Infra Tech,1,5,3196,9291,9275,43,1,2,74,597,11,409,5,23,2,13,4470,1161
258,12,13546.58,Infra Tech,9,6,1498,9833,9804,4,1,28,0,0,0,0,0,0,0,0,2250,6
258,11,16163.71,Infra Tech,8,6,1498,9833,9804,4,1,28,0,0,0,0,4,42,1,6,2250,6
258,10,21399.41,Infra Tech,7,6,1498,9833,9804,4,1,28,0,0,0,0,6,56,2,9,2250,6
258,9,17426.85,Infra Tech,6,6,1498,9833,9804,4,1,28,0,0,0,0,1,1,0,0,2250,6
258,8,25324.44,Infra Tech,5,6,1498,9833,9804,4,1,28,0,0,0,0,10,215,15,42,2250,6
258,7,707.61,Infra Tech,4,6,1498,9833,9804,4,1,28,0,0,0,0,4,18,2,5,2250,6
258,6,392.09,Infra Tech,3,6,1498,9833,9804,4,1,28,0,0,0,0,0,0,0,0,2250,6
258,5,131.15,Infra Tech,2,6,1498,9833,9804,4,1,28,0,0,0,0,0,0,0,0,2250,6
258,4,108.0,Infra Tech,1,6,1498,9833,9804,4,1,28,0,0,0,0,0,0,0,0,2250,6
2743,12,6772.63,NFTs,3,3,5921,7669,7680,241,2,46,2,9,0,0,0,0,0,0,606,0
2743,11,102.27,NFTs,2,3,5921,7669,7680,241,2,46,3,21,0,0,11,42,8,11,606,0
2743,10,393.63,NFTs,1,3,5921,7669,7680,241,2,46,5,27,0,0,35,98,34,16,606,0
4144,12,7096.67,Grants Round 12,1,1,1936,,,98,,,1,14,2,0,13,68,0,43,269,12
143,12,10352.0,Infra Tech,10,,,,,,,,0,0,0,0,18,554,54,96,10222,963
143,11,13435.24,Infra Tech,9,,,,,,,,0,0,0,0,5,88,5,22,10222,963
143,10,36811.26,Infra Tech,8,,,,,,,,0,0,0,0,7,95,8,16,10222,963
143,9,22956.82,Infra Tech,7,,,,,,,,0,0,0,0,3,6,1,0,10222,963
143,8,30035.01,Infra Tech,6,,,,,,,,0,0,0,0,32,509,75,90,10222,963
143,7,27268.04,Infra Tech,5,,,,,,,,0,0,0,0,20,209,44,60,10222,963
143,6,7726.95,Infra Tech,4,,,,,,,,0,0,0,0,56,466,23,158,10222,963
143,5,3932.46,Infra Tech,3,,,,,,,,0,37,0,0,20,119,13,47,10222,963
143,4,11316.93,Infra Tech,2,,,,,,,,5,74,0,4,40,389,12,85,10222,963
143,3,196.81,Infra Tech,1,,,,,,,,3,158,2,3,20,493,25,155,10222,963
1110,12,5945.5,Infra Tech,6,3,5158,9549,9571,74,3,52,0,0,0,0,30,470,60,155,4348,365
1110,11,13100.36,Infra Tech,5,3,5158,9549,9571,74,3,52,0,0,0,0,11,132,5,40,4348,365
1110,10,14471.23,Infra Tech,4,3,5158,9549,9571,74,3,52,0,0,0,0,47,1624,225,424,4348,365
1110,9,4831.43,Infra Tech,3,3,5158,9549,9571,74,3,52,2,2,0,0,43,4297,4831,2070,4348,365
1110,8,1419.87,Infra Tech,2,3,5158,9549,9571,74,3,52,1,13,2,0,42,295,31,96,4348,365
1110,7,4184.19,Infra Tech,1,3,5158,9549,9571,74,3,52,0,35,0,0,46,5363,298,4794,4348,365
3522,12,5218.02,dApp Tech,2,1,6637,6081,6092,194,1,0,3,0,0,19,3,4,0,6,1145,404
3522,11,76.48,dApp Tech,1,1,6637,6081,6092,194,1,0,0,3,0,2,7,105,4,29,1145,404
599,12,7589.01,Infra Tech,9,3,3305,9021,9029,59,10,7,0,0,0,0,14,278,21,49,26480,31
599,11,15969.68,Infra Tech,8,3,3305,9021,9029,59,10,7,0,0,0,0,0,0,0,0,26480,31
599,10,30264.51,Infra Tech,7,3,3305,9021,9029,59,10,7,0,0,0,0,6,133,5,36,26480,31
599,9,215.33,Infra Tech,6,3,3305,9021,9029,59,10,7,0,0,0,0,0,0,0,0,26480,31
599,8,144.0,Infra Tech,5,3,3305,9021,9029,59,10,7,0,0,0,0,0,0,0,0,26480,31
599,7,1131.34,Infra Tech,4,3,3305,9021,9029,59,10,7,0,0,0,0,0,0,0,0,26480,31
599,6,0.2,Infra Tech,3,3,3305,9021,9029,59,10,7,0,0,0,0,0,0,0,0,26480,31
599,5,6.22,Infra Tech,2,3,3305,9021,9029,59,10,7,1,0,0,0,0,0,0,0,26480,31
599,4,111.0,Infra Tech,1,3,3305,9021,9029,59,10,7,5,0,0,1,0,0,0,0,26480,31
3414,12,10307.43,dApp Tech,2,7,2435,2271,2277,65,2,5,92,0,0,20,44,42,30,5,1336,713
3414,11,571.46,dApp Tech,1,7,2435,2271,2277,65,2,5,132,0,6,39,4,12,0,5,1336,713
1561,12,8212.04,Community,5,7,295,8339,8342,29,1,43,0,0,0,0,0,0,0,0,5645,51
1561,11,10887.38,Community,4,7,295,8339,8342,29,1,43,0,0,0,0,1,25,0,11,5645,51
1561,10,22411.62,Community,3,7,295,8339,8342,29,1,43,0,0,0,0,3,28,2,7,5645,51
1561,9,6292.83,Community,2,7,295,8339,8342,29,1,43,0,0,0,0,1,46,0,23,5645,51
1561,8,19121.42,Community,1,7,295,8339,8342,29,1,43,0,0,0,0,10,272,9,43,5645,51
899,12,4925.79,dApp Tech,6,,,,,,,,0,0,0,0,18,576,25,120,1243,19
899,10,452.54,dApp Tech,5,,,,,,,,0,0,0,0,0,0,0,0,1243,19
899,9,350.4,dApp Tech,4,,,,,,,,0,0,0,0,0,0,0,0,1243,19
899,8,503.46,dApp Tech,3,,,,,,,,0,0,0,0,0,0,0,0,1243,19
899,7,688.2,dApp Tech,2,,,,,,,,0,0,0,0,0,0,0,0,1243,19
899,6,486.0,dApp Tech,1,,,,,,,,0,0,0,0,0,0,0,0,1243,19
1805,12,4266.18,dApp Tech,4,1,2698,4203,4215,115,2,66,0,0,0,0,6,65,8,20,8442,190
1805,10,182.11,dApp Tech,3,1,2698,4203,4215,115,2,66,0,0,0,0,7,78,6,15,8442,190
1805,9,1227.11,dApp Tech,2,1,2698,4203,4215,115,2,66,0,296,0,0,51,835,135,222,8442,190
1805,8,2310.76,dApp Tech,1,1,2698,4203,4215,115,2,66,0,197,0,0,37,503,47,115,8442,190
2239,12,6739.99,Community,4,1,965,1398,1412,0,3,27,0,0,0,0,108,5180,262,612,1521,575
2239,11,1938.46,Community,3,1,965,1398,1412,0,3,27,0,0,0,0,110,1828,228,306,1521,575
2239,10,2113.57,Community,2,1,965,1398,1412,0,3,27,1,0,0,0,0,0,0,0,1521,575
2239,9,366.74,Community,1,1,965,1398,1412,0,3,27,1,0,0,0,0,0,0,0,1521,575
4287,12,6393.35,Grants Round 12,1,4,2410,2778,2814,248,3,83,4,0,0,0,54,407,80,97,4989,192
2841,12,4185.07,dApp Tech,3,6,3661,7833,7823,319,1,0,0,23,0,10,13,548,239,181,5943,30
2841,11,395.21,dApp Tech,2,6,3661,7833,7823,319,1,0,0,11,0,0,5,3189,878,2892,5943,30
2841,10,4771.3,dApp Tech,1,6,3661,7833,7823,319,1,0,0,14,0,4,6,189,3,15,5943,30
331,12,5259.99,Infra Tech,7,6,3236,8375,8326,61,1,28,0,0,0,0,26,253,49,101,12635,538
331,10,16056.08,Infra Tech,6,6,3236,8375,8326,61,1,28,0,0,0,0,15,119,9,21,12635,538
331,9,20076.76,Infra Tech,5,6,3236,8375,8326,61,1,28,0,0,0,0,18,372,36,59,12635,538
331,8,45440.02,Infra Tech,4,6,3236,8375,8326,61,1,28,0,0,0,0,16,370,31,66,12635,538
331,6,44.09,Infra Tech,3,6,3236,8375,8326,61,1,28,1,116,1,13,4,17,4,3,12635,538
331,5,14.44,Infra Tech,2,6,3236,8375,8326,61,1,28,4,12,0,0,1,2,1,0,12635,538
331,4,115.0,Infra Tech,1,6,3236,8375,8326,61,1,28,0,44,0,1,3,25,1,7,12635,538
3224,12,4757.27,dApp Tech,2,1,1401,5537,5558,211,1,3,12,29,0,12,58,2827,811,724,820,859
3224,11,38754.7,dApp Tech,1,1,1401,5537,5558,211,1,3,12,48,2,9,58,428,140,79,820,859
3600,12,3377.08,dApp Tech,2,6,1016,,,302,,,4,14,0,0,16,210,22,52,57,3
3600,11,1909.18,dApp Tech,1,6,1016,,,302,,,0,0,0,0,11,30,10,4,57,3
4276,12,4455.87,dApp Tech,1,,,,,,,,39,24,0,9,30,4122,179,626,45332,69
2979,12,19415.69,dApp Tech,3,1,1353,994,1011,252,3,4,0,13,0,0,3,9,0,1,990,10
2979,11,187.96,dApp Tech,2,1,1353,994,1011,252,3,4,0,14,0,0,0,0,0,0,990,10
2979,10,37.28,dApp Tech,1,1,1353,994,1011,252,3,4,0,22,0,0,0,0,0,0,990,10
4232,12,5683.46,Grants Round 12,1,2,4011,,,0,,,1,2,0,0,1,3,0,1,40,0
539,12,4285.45,dGov,8,2,4299,12416,12232,30,4,375,0,0,0,0,52,376,23,109,6701,787
539,11,10840.58,dGov,7,2,4299,12416,12232,30,4,375,0,0,0,0,54,1142,149,414,6701,787
539,10,11302.24,dGov,6,2,4299,12416,12232,30,4,375,0,0,0,0,51,382,29,109,6701,787
539,9,14945.7,dGov,5,2,4299,12416,12232,30,4,375,0,0,0,0,41,548,29,205,6701,787
539,8,23866.08,dGov,4,2,4299,12416,12232,30,4,375,0,0,0,0,12,133,3,38,6701,787
539,7,5881.68,dGov,3,2,4299,12416,12232,30,4,375,5,3,6,90,38,585,39,138,6701,787
539,6,3207.17,dGov,2,2,4299,12416,12232,30,4,375,1,0,0,1,16,171,10,73,6701,787
539,5,7445.4,dGov,1,2,4299,12416,12232,30,4,375,2,0,1,17,27,300,26,104,6701,787
3364,12,6377.8,Infra Tech,2,3,2395,2776,2785,92,3,65,32,22,4,28,2,17,2,5,2090,28
3364,11,7552.35,Infra Tech,1,3,2395,2776,2785,92,3,65,34,57,4,95,7,87,15,26,2090,28
213,12,3599.83,dApp Tech,9,2,1901,1853,1844,389,3,69,0,0,0,0,34,198,5,95,5021,269
213,11,1933.23,dApp Tech,8,2,1901,1853,1844,389,3,69,0,0,0,0,20,342,10,109,5021,269
213,10,550.23,dApp Tech,7,2,1901,1853,1844,389,3,69,0,0,0,0,18,147,15,63,5021,269
213,9,2754.88,dApp Tech,6,2,1901,1853,1844,389,3,69,0,0,0,0,51,457,38,197,5021,269
213,8,278.78,dApp Tech,5,2,1901,1853,1844,389,3,69,0,0,0,0,5,51,5,7,5021,269
213,7,147.79,dApp Tech,4,2,1901,1853,1844,389,3,69,0,0,0,0,5,35,1,11,5021,269
213,6,813.91,dApp Tech,3,2,1901,1853,1844,389,3,69,5,190,1,26,16,67,6,10,5021,269
213,5,1955.26,dApp Tech,2,2,1901,1853,1844,389,3,69,3,106,0,19,17,89,4,18,5021,269
213,4,911.71,dApp Tech,1,2,1901,1853,1844,389,3,69,0,24,0,4,45,270,43,47,5021,269
384,12,4573.34,Infra Tech,8,2,1911,7356,7383,57,1,35,0,0,0,0,41,3315,438,596,5872,782
384,11,10140.02,Infra Tech,7,2,1911,7356,7383,57,1,35,0,0,0,0,25,532,36,68,5872,782
384,10,23660.39,Infra Tech,6,2,1911,7356,7383,57,1,35,0,0,0,0,32,2562,227,494,5872,782
384,9,8438.67,Infra Tech,5,2,1911,7356,7383,57,1,35,0,0,0,0,23,933,86,172,5872,782
384,8,9821.62,Infra Tech,4,2,1911,7356,7383,57,1,35,0,0,0,0,50,572,78,98,5872,782
384,7,9035.75,Infra Tech,3,2,1911,7356,7383,57,1,35,0,0,0,0,47,244,25,54,5872,782
384,6,1357.74,Infra Tech,2,2,1911,7356,7383,57,1,35,0,0,0,0,44,505,41,122,5872,782
384,5,588.03,Infra Tech,1,2,1911,7356,7383,57,1,35,0,0,0,0,17,100,6,41,5872,782
1855,12,2704.98,Infra Tech,4,4,2365,1430,1438,141,1,11,0,0,0,0,11,49,4,19,420,58
1855,11,1333.21,Infra Tech,3,4,2365,1430,1438,141,1,11,3,0,8,28,12,38,11,16,420,58
1855,10,1691.53,Infra Tech,2,4,2365,1430,1438,141,1,11,2,0,2,0,3,4,0,0,420,58
1855,9,369.62,Infra Tech,1,4,2365,1430,1438,141,1,11,4,0,3,15,2,0,0,0,420,58
373,12,2374.61,Infra Tech,9,4,2733,7742,7743,0,1,0,0,0,0,0,35,880,42,156,50062,138
373,11,59980.35,Infra Tech,8,4,2733,7742,7743,0,1,0,0,0,0,0,16,360,14,73,50062,138
373,10,1123.98,Infra Tech,7,4,2733,7742,7743,0,1,0,0,0,0,0,20,290,10,40,50062,138
373,9,1624.14,Infra Tech,6,4,2733,7742,7743,0,1,0,0,0,0,0,10,255,11,77,50062,138
373,8,219.53,Infra Tech,5,4,2733,7742,7743,0,1,0,0,0,0,0,24,104,19,29,50062,138
373,7,149.94,Infra Tech,4,4,2733,7742,7743,0,1,0,0,0,0,0,18,365,10,63,50062,138
373,6,54.76,Infra Tech,3,4,2733,7742,7743,0,1,0,3,8,1,7,10,68,5,29,50062,138
373,5,104.79,Infra Tech,2,4,2733,7742,7743,0,1,0,2,17,1,4,19,214,8,63,50062,138
373,4,126.5,Infra Tech,1,4,2733,7742,7743,0,1,0,16,305,0,19,14,203,7,64,50062,138
403,12,2457.11,dApp Tech,6,4,6934,1250,1263,330,1,37,0,0,0,0,0,0,0,0,10,1
403,11,11.19,dApp Tech,5,4,6934,1250,1263,330,1,37,0,0,0,0,0,0,0,0,10,1
403,10,387.79,dApp Tech,4,4,6934,1250,1263,330,1,37,0,0,0,0,0,0,0,0,10,1
403,8,1.51,dApp Tech,3,4,6934,1250,1263,330,1,37,0,0,0,0,0,0,0,0,10,1
403,7,8.33,dApp Tech,2,4,6934,1250,1263,330,1,37,0,0,0,0,0,0,0,0,10,1
403,6,396.18,dApp Tech,1,4,6934,1250,1263,330,1,37,0,0,0,0,0,0,0,0,10,1
3501,12,2178.0,dApp Tech,2,2,463,,,171,,,0,0,0,0,0,0,0,0,155,0
3501,11,2342.64,dApp Tech,1,2,463,,,171,,,0,0,0,0,1,2,1,0,155,0
795,12,4638.8,dApp Tech,7,9,2424,12416,12232,30,4,375,0,0,0,0,32,2358,561,412,10150,1501
795,11,3264.36,dApp Tech,6,9,2424,12416,12232,30,4,375,0,0,0,0,21,962,138,354,10150,1501
795,10,8178.28,dApp Tech,5,9,2424,12416,12232,30,4,375,0,0,0,0,16,233,7,52,10150,1501
795,9,4175.91,dApp Tech,4,9,2424,12416,12232,30,4,375,0,0,0,0,15,336,13,149,10150,1501
795,8,5898.42,dApp Tech,3,9,2424,12416,12232,30,4,375,0,0,0,0,12,118,3,29,10150,1501
795,7,2199.63,dApp Tech,2,9,2424,12416,12232,30,4,375,0,0,0,0,6,24,3,5,10150,1501
795,6,5750.68,dApp Tech,1,9,2424,12416,12232,30,4,375,0,0,0,0,1,2,0,0,10150,1501
4213,12,3411.88,Grants Round 12,1,1,2968,1576,1575,119,1,13,0,167,0,0,11,64,7,8,4030,113
184,12,4055.9,Infra Tech,9,3,3817,4648,4665,114,1,156,0,0,0,0,21,279,37,45,2707,829
184,11,3417.97,Infra Tech,8,3,3817,4648,4665,114,1,156,0,0,0,0,12,1673,5815,232,2707,829
184,10,25987.94,Infra Tech,7,3,3817,4648,4665,114,1,156,0,0,0,0,50,353,43,27,2707,829
184,9,671.21,Infra Tech,6,3,3817,4648,4665,114,1,156,0,0,0,0,23,28213,348,13857,2707,829
184,8,1117.94,Infra Tech,5,3,3817,4648,4665,114,1,156,0,0,0,0,30,250,27,37,2707,829
184,7,3051.96,Infra Tech,4,3,3817,4648,4665,114,1,156,0,0,0,0,34,150,32,21,2707,829
184,6,952.05,Infra Tech,3,3,3817,4648,4665,114,1,156,0,4,1,5,47,120,29,10,2707,829
184,5,392.67,Infra Tech,2,3,3817,4648,4665,114,1,156,1,3,0,0,29,109,9,21,2707,829
184,4,3418.31,Infra Tech,1,3,3817,4648,4665,114,1,156,3,15,0,0,38,285,39,39,2707,829
37,12,1786.61,Infra Tech,11,5,2515,14536,14564,7,1,0,0,0,0,0,24,1419,107,278,45498,278
37,11,30410.69,Infra Tech,10,5,2515,14536,14564,7,1,0,0,0,0,0,27,2932,171,901,45498,278
37,10,28.84,Infra Tech,9,5,2515,14536,14564,7,1,0,0,0,0,0,27,471,31,72,45498,278
37,9,332.73,Infra Tech,8,5,2515,14536,14564,7,1,0,0,0,0,0,43,1398,62,312,45498,278
37,8,872.03,Infra Tech,7,5,2515,14536,14564,7,1,0,0,0,0,0,9,149,7,25,45498,278
37,7,465.48,Infra Tech,6,5,2515,14536,14564,7,1,0,0,0,0,0,1,0,0,0,45498,278
37,6,11.84,Infra Tech,5,5,2515,14536,14564,7,1,0,0,0,0,0,4,3,2,0,45498,278
37,4,357.0,Infra Tech,4,5,2515,14536,14564,7,1,0,0,0,0,0,0,0,0,0,45498,278
37,3,1126.97,Infra Tech,3,5,2515,14536,14564,7,1,0,0,0,0,0,13,186,4,56,45498,278
37,2,2467.28,Infra Tech,2,5,2515,14536,14564,7,1,0,0,0,0,0,5,33,0,5,45498,278
37,1,2309.02,Infra Tech,1,5,2515,14536,14564,7,1,0,0,0,0,0,21,94,9,19,45498,278
259,12,3899.78,dApp Tech,7,1,2723,1160,1171,220,2,39,0,0,0,0,42,3921,574,1070,3953,934
259,11,1508.51,dApp Tech,6,1,2723,1160,1171,220,2,39,0,0,0,0,45,13893,2128,3207,3953,934
259,10,1969.38,dApp Tech,5,1,2723,1160,1171,220,2,39,0,0,0,0,54,3996,117,329,3953,934
259,9,318.33,dApp Tech,4,1,2723,1160,1171,220,2,39,0,0,0,0,49,171687,4529,18765,3953,934
259,8,409.57,dApp Tech,3,1,2723,1160,1171,220,2,39,0,0,0,0,41,142,24,16,3953,934
259,6,2.1,dApp Tech,2,1,2723,1160,1171,220,2,39,10,2,0,7,52,284,40,59,3953,934
259,4,562.48,dApp Tech,1,1,2723,1160,1171,220,2,39,4,94,0,12,40,654,239,60,3953,934
2112,12,2699.81,Infra Tech,4,3,2173,924,929,171,2,46,0,0,0,0,3,25,4,8,620,613
2112,11,2901.61,Infra Tech,3,3,2173,924,929,171,2,46,5,0,0,0,21,136,10,35,620,613
2112,10,23188.8,Infra Tech,2,3,2173,924,929,171,2,46,0,0,0,0,8,20,4,5,620,613
2112,9,5021.58,Infra Tech,1,3,2173,924,929,171,2,46,3,12,0,6,4,5,2,0,620,613
3457,12,2990.42,Infra Tech,2,1,1260,924,929,171,2,46,1,4,0,0,33,355,43,49,814,191
3457,11,2068.3,Infra Tech,1,1,1260,924,929,171,2,46,0,0,0,0,16,46,5,7,814,191
2631,12,1606.78,dApp Tech,3,2,446,2776,2787,232,2,85,13,3,3,18,2,5,1,2,134,5
2631,11,6205.96,dApp Tech,2,2,446,2776,2787,232,2,85,9,5,1,21,2,12,0,7,134,5
2631,10,211.03,dApp Tech,1,2,446,2776,2787,232,2,85,10,3,1,14,1,1,0,1,134,5
1155,12,1858.58,dApp Tech,6,5,9054,,,183,,,0,0,0,0,27,389,16,82,4637,291
1155,11,679.76,dApp Tech,5,5,9054,,,183,,,0,0,0,0,49,1017,155,362,4637,291
1155,10,2094.22,dApp Tech,4,5,9054,,,183,,,0,0,0,0,22,130,5,49,4637,291
1155,9,4185.51,dApp Tech,3,5,9054,,,183,,,3,112,2,213,27,100,13,50,4637,291
1155,8,6441.79,dApp Tech,2,5,9054,,,183,,,3,29,1,49,10,105,2,30,4637,291
1155,7,907.3,dApp Tech,1,5,9054,,,183,,,0,34,0,0,0,0,0,0,4637,291
139,12,1368.92,Community,10,1,2867,4297,4319,201,1,89,0,0,0,0,46,4985,6855,1088,54692,1152
139,11,8490.1,Community,9,1,2867,4297,4319,201,1,89,0,0,0,0,44,1666,258,439,54692,1152
139,10,8335.31,Community,8,1,2867,4297,4319,201,1,89,0,0,0,0,49,3938,554,631,54692,1152
139,9,1976.71,Community,7,1,2867,4297,4319,201,1,89,0,0,0,0,51,10857,902,2298,54692,1152
139,8,1344.29,Community,6,1,2867,4297,4319,201,1,89,0,0,0,0,57,3011,290,399,54692,1152
139,7,2390.41,Community,5,1,2867,4297,4319,201,1,89,0,0,0,0,58,1713,222,473,54692,1152
139,6,482.19,Community,4,1,2867,4297,4319,201,1,89,0,0,0,0,62,1605,127,262,54692,1152
139,5,359.79,Community,3,1,2867,4297,4319,201,1,89,0,16,0,4,58,411,82,71,54692,1152
139,4,872.04,Community,2,1,2867,4297,4319,201,1,89,1,15,0,7,59,840,58,177,54692,1152
139,3,2232.78,Community,1,1,2867,4297,4319,201,1,89,1,121,0,24,51,753,73,140,54692,1152
3525,12,1962.01,NFTs,2,1,115,2266,2286,0,1,21,1,2,0,0,5,31,11,17,1080,50
3525,11,9862.33,NFTs,1,1,115,2266,2286,0,1,21,11,0,0,1,0,0,0,0,1080,50
2271,12,2017.27,Infra Tech,4,1,1209,2357,2373,110,2,0,0,0,0,0,4,20,2,0,344,233
2271,11,3082.96,Infra Tech,3,1,1209,2357,2373,110,2,0,0,88,0,0,4,11,1,1,344,233
2271,10,2738.1,Infra Tech,2,1,1209,2357,2373,110,2,0,4,76,0,0,7,14,0,5,344,233
2271,9,330.66,Infra Tech,1,1,1209,2357,2373,110,2,0,7,25,0,1,3,2,0,1,344,233
2758,12,1512.25,Infra Tech,3,,,,,,,,1,17,0,0,3,0,1,0,212,164
2758,11,376.48,Infra Tech,2,,,,,,,,0,31,0,3,4,5,0,3,212,164
2758,10,8746.13,Infra Tech,1,,,,,,,,4,28,0,2,11,7,0,2,212,164
2788,12,951.11,NFTs,3,3,144,2639,2636,0,1,21,0,0,0,0,49,3028,1822,358,3,2
2788,11,3236.1,NFTs,2,3,144,2639,2636,0,1,21,0,0,0,0,50,913,133,201,3,2
2788,10,3479.25,NFTs,1,3,144,2639,2636,0,1,21,0,0,0,0,38,1325,89,384,3,2
1669,12,747.08,dApp Tech,5,2,1845,6978,6999,249,1,0,0,0,0,0,6,283,36,105,12173,99
1669,11,15946.0,dApp Tech,4,2,1845,6978,6999,249,1,0,0,0,0,0,8,266,38,97,12173,99
1669,10,15276.67,dApp Tech,3,2,1845,6978,6999,249,1,0,0,0,0,0,10,52,4,13,12173,99
1669,9,4314.43,dApp Tech,2,2,1845,6978,6999,249,1,0,7,35,3,49,13,277,7,92,12173,99
1669,8,1750.44,dApp Tech,1,2,1845,6978,6999,249,1,0,1,25,0,8,7,209,6,68,12173,99
1599,12,760.25,dApp Tech,2,3,1918,875,905,0,4,4,0,0,0,0,13,3685,121,516,1952,279
1599,11,6642.28,dApp Tech,1,3,1918,875,905,0,4,4,0,0,0,0,0,0,0,0,1952,279
1211,12,1685.34,Infra Tech,6,1,3402,,,0,,,0,0,0,0,52,1549,103,121,9307,282
1211,11,714.3,Infra Tech,5,1,3402,,,0,,,0,0,0,0,55,394,63,55,9307,282
1211,10,1567.29,Infra Tech,4,1,3402,,,0,,,0,0,0,0,22,123,13,2,9307,282
1211,9,1366.9,Infra Tech,3,1,3402,,,0,,,0,41,0,0,40,905,80,203,9307,282
1211,8,4961.22,Infra Tech,2,1,3402,,,0,,,1,139,0,0,57,1681,135,219,9307,282
1211,7,10022.51,Infra Tech,1,1,3402,,,0,,,0,213,0,0,58,2887,215,522,9307,282
3150,12,754.33,Community,2,1,4018,736,740,167,4,26,132,1,0,0,47,478,39,96,17749,289
3150,11,1729.69,Community,1,1,4018,736,740,167,4,26,88,1,0,0,48,459,34,93,17749,289
1534,12,1013.01,dApp Tech,5,3,210,903,918,0,1,57,0,0,0,0,0,0,0,0,176,57
1534,11,177.03,dApp Tech,4,3,210,903,918,0,1,57,0,0,0,0,1,9,0,3,176,57
1534,10,2594.33,dApp Tech,3,3,210,903,918,0,1,57,0,0,0,0,1,5,0,1,176,57
1534,9,1569.61,dApp Tech,2,3,210,903,918,0,1,57,3,1,0,33,7,12,0,4,176,57
1534,8,3950.14,dApp Tech,1,3,210,903,918,0,1,57,6,6,0,8,10,23,2,7,176,57
468,12,452.56,Community,6,2,1775,1672,1672,526,1,20,0,0,0,0,0,0,0,0,1527,902
468,11,61527.14,Community,5,2,1775,1672,1672,526,1,20,0,0,0,0,9,3077,78,800,1527,902
468,10,618.52,Community,4,2,1775,1672,1672,526,1,20,0,0,0,0,0,0,0,0,1527,902
468,9,7778.1,Community,3,2,1775,1672,1672,526,1,20,0,0,0,0,0,0,0,0,1527,902
468,8,14067.93,Community,2,2,1775,1672,1672,526,1,20,1,35,0,0,30,75,22,9,1527,902
468,6,1.66,Community,1,2,1775,1672,1672,526,1,20,0,0,0,0,51,843,54,237,1527,902
1870,12,2012.74,Community,4,6,2238,297,306,162,1,16,0,0,0,0,0,0,0,0,43,5
1870,11,159.43,Community,3,6,2238,297,306,162,1,16,11,6,6,4,0,0,0,0,43,5
1870,10,29.11,Community,2,6,2238,297,306,162,1,16,1,0,2,2,0,0,0,0,43,5
1870,9,904.16,Community,1,6,2238,297,306,162,1,16,1,0,2,2,0,0,0,0,43,5
2281,12,324.98,NFTs,4,1,260,6841,6861,0,7,40,0,0,0,0,14,415,53,9,20738,309
2281,11,27265.61,NFTs,3,1,260,6841,6861,0,7,40,0,0,0,0,50,409,101,42,20738,309
2281,10,419.84,NFTs,2,1,260,6841,6861,0,7,40,0,0,0,0,34,996,54,111,20738,309
2281,9,7538.58,NFTs,1,1,260,6841,6861,0,7,40,0,0,0,0,52,2126,1342,251,20738,309
1657,12,1734.98,dApp Tech,5,1,1073,1108,1083,0,3,125,0,0,0,0,54,2983,228,489,10002,952
1657,11,4139.58,dApp Tech,4,1,1073,1108,1083,0,3,125,0,0,0,0,20,969,66,153,10002,952
1657,10,1568.46,dApp Tech,3,1,1073,1108,1083,0,3,125,0,0,0,0,36,1905,257,185,10002,952
1657,9,2377.17,dApp Tech,2,1,1073,1108,1083,0,3,125,65,61,1,12,48,2587,121,334,10002,952
1657,8,22018.07,dApp Tech,1,1,1073,1108,1083,0,3,125,32,43,2,7,52,1285,1732,147,10002,952
2265,12,757.12,dApp Tech,4,3,687,2068,2071,539,1,6,0,0,0,0,14,31,10,3,522,1
2265,11,505.98,dApp Tech,3,3,687,2068,2071,539,1,6,0,78,1,53,7,88,6,22,522,1
2265,10,11554.62,dApp Tech,2,3,687,2068,2071,539,1,6,0,48,1,1,0,0,0,0,522,1
2265,9,1285.98,dApp Tech,1,3,687,2068,2071,539,1,6,0,6,0,0,0,0,0,0,522,1
1102,12,477.84,Infra Tech,4,2,2499,2853,2859,96,1,159,0,0,0,0,5,35,4,2,804,51
1102,11,158.38,Infra Tech,3,2,2499,2853,2859,96,1,159,0,0,0,0,1,1,0,0,804,51
1102,10,2714.58,Infra Tech,2,2,2499,2853,2859,96,1,159,0,0,0,0,3,4,2,0,804,51
1102,7,6.78,Infra Tech,1,2,2499,2853,2859,96,1,159,0,85,0,0,0,0,0,0,804,51
1988,12,1448.07,dApp Tech,4,1,989,314,328,0,1,18,0,0,0,0,1,5,2,3,159,14
1988,11,44.43,dApp Tech,3,1,989,314,328,0,1,18,0,6,0,0,1,3,0,1,159,14
1988,10,38.85,dApp Tech,2,1,989,314,328,0,1,18,0,0,0,0,0,0,0,0,159,14
1988,9,2023.73,dApp Tech,1,1,989,314,328,0,1,18,0,0,0,0,8,30,3,6,159,14
562,12,421.03,Community,7,1,9757,757,747,172,2,204,0,0,0,0,11,22,6,11,5728,0
562,11,849.43,Community,6,1,9757,757,747,172,2,204,0,0,0,0,8,36,0,31,5728,0
562,10,1264.54,Community,5,1,9757,757,747,172,2,204,0,0,0,0,17,218,78,43,5728,0
562,9,1604.52,Community,4,1,9757,757,747,172,2,204,0,0,0,0,13,136,8,54,5728,0
562,8,584.12,Community,3,1,9757,757,747,172,2,204,0,0,0,0,22,117,7,27,5728,0
562,6,12.32,Community,2,1,9757,757,747,172,2,204,0,0,0,0,3,22,2,13,5728,0
562,5,15.13,Community,1,1,9757,757,747,172,2,204,0,18,0,0,21,58,16,28,5728,0
308,12,254.59,Infra Tech,9,3,3327,562,553,0,1,58,0,0,0,0,0,0,0,0,1642,120
308,11,715.85,Infra Tech,8,3,3327,562,553,0,1,58,0,0,0,0,0,0,0,0,1642,120
308,10,170.99,Infra Tech,7,3,3327,562,553,0,1,58,0,0,0,0,0,0,0,0,1642,120
308,9,1147.6,Infra Tech,6,3,3327,562,553,0,1,58,0,0,0,0,0,0,0,0,1642,120
308,8,6601.62,Infra Tech,5,3,3327,562,553,0,1,58,0,0,0,0,5,52,6,13,1642,120
308,7,4181.83,Infra Tech,4,3,3327,562,553,0,1,58,0,0,0,0,10,126,3,42,1642,120
308,6,1057.35,Infra Tech,3,3,3327,562,553,0,1,58,7,168,0,25,5,39,1,19,1642,120
308,5,1490.37,Infra Tech,2,3,3327,562,553,0,1,58,4,60,0,0,0,0,0,0,1642,120
308,4,2006.45,Infra Tech,1,3,3327,562,553,0,1,58,7,0,0,0,4,116,2,31,1642,120
65,12,228.06,Infra Tech,11,,,,,,,,0,0,0,0,0,0,0,0,165,0
65,11,297.29,Infra Tech,10,,,,,,,,0,0,0,0,0,0,0,0,165,0
65,10,2738.11,Infra Tech,9,,,,,,,,0,0,0,0,0,0,0,0,165,0
65,9,2184.22,Infra Tech,8,,,,,,,,0,0,0,0,0,0,0,0,165,0
65,8,310.1,Infra Tech,7,,,,,,,,0,0,0,0,0,0,0,0,165,0
65,7,1377.63,Infra Tech,6,,,,,,,,0,0,0,0,0,0,0,0,165,0
65,6,0.04,Infra Tech,5,,,,,,,,0,0,0,0,0,0,0,0,165,0
65,5,58.52,Infra Tech,4,,,,,,,,0,0,0,0,0,0,0,0,165,0
65,4,302.0,Infra Tech,3,,,,,,,,0,0,0,0,0,0,0,0,165,0
65,3,1410.81,Infra Tech,2,,,,,,,,12,18,0,65,0,0,0,0,165,0
65,2,337.0,Infra Tech,1,,,,,,,,22,1,0,46,0,0,0,0,165,0
888,12,369.37,Infra Tech,7,1,440,2872,2867,0,1,8,0,0,0,0,0,0,0,0,5685,114
888,11,37998.39,Infra Tech,6,1,440,2872,2867,0,1,8,0,0,0,0,0,0,0,0,5685,114
888,10,313.21,Infra Tech,5,1,440,2872,2867,0,1,8,0,0,0,0,1,0,0,0,5685,114
888,9,528.98,Infra Tech,4,1,440,2872,2867,0,1,8,0,0,0,0,1,2,0,0,5685,114
888,8,165.63,Infra Tech,3,1,440,2872,2867,0,1,8,31,29,6,42,0,0,0,0,5685,114
888,7,814.19,Infra Tech,2,1,440,2872,2867,0,1,8,19,39,3,9,2,5,2,0,5685,114
888,6,148.19,Infra Tech,1,1,440,2872,2867,0,1,8,5,43,2,25,4,10,0,5,5685,114
3443,12,96.88,dApp Tech,2,,,,,,,,0,0,0,0,0,0,0,0,46,112
3443,11,3861.68,dApp Tech,1,,,,,,,,0,3,0,0,0,0,0,0,46,112
1625,12,728.79,Community,5,2,2153,1074,1079,0,1,0,0,0,0,0,0,0,0,0,36,0
1625,11,22.55,Community,4,2,2153,1074,1079,0,1,0,0,0,0,0,0,0,0,0,36,0
1625,10,357.69,Community,3,2,2153,1074,1079,0,1,0,0,0,0,0,0,0,0,0,36,0
1625,9,2933.97,Community,2,2,2153,1074,1079,0,1,0,1,38,0,1,0,0,0,0,36,0
1625,8,4291.73,Community,1,2,2153,1074,1079,0,1,0,0,0,0,0,0,0,0,0,36,0
3496,12,543.07,Infra Tech,2,,,,,,,,1,0,0,1,0,0,0,0,,
3496,11,2409.76,Infra Tech,1,,,,,,,,1,1,0,5,0,0,0,0,,
1090,12,162.96,NFTs,3,1,1071,6063,6063,135,6,26,0,0,0,0,0,0,0,0,23,0
1090,10,12895.41,NFTs,2,1,1071,6063,6063,135,6,26,0,27,0,0,0,0,0,0,23,0
1090,9,3209.12,NFTs,1,1,1071,6063,6063,135,6,26,0,0,0,0,0,0,0,0,23,0
2316,12,383.03,NFTs,4,2,3303,18551,18572,75,3,36,0,0,0,0,1,152,53,136,6479,464
2316,11,30.67,NFTs,3,2,3303,18551,18572,75,3,36,1,0,0,0,24,7137,715,923,6479,464
2316,10,2676.06,NFTs,2,2,3303,18551,18572,75,3,36,1,0,0,0,2,292,33,108,6479,464
2316,9,68.39,NFTs,1,2,3303,18551,18572,75,3,36,7,7,0,0,0,0,0,0,6479,464
231,12,271.3,Community,9,2,914,1450,1423,515,2,68,0,0,0,0,6,35,0,22,263,76
231,11,1190.63,Community,8,2,914,1450,1423,515,2,68,0,0,0,0,1,2,0,0,263,76
231,10,4390.82,Community,7,2,914,1450,1423,515,2,68,0,0,0,0,6,61,3,23,263,76
231,9,301.49,Community,6,2,914,1450,1423,515,2,68,0,0,0,0,1,3,0,0,263,76
231,8,1930.64,Community,5,2,914,1450,1423,515,2,68,0,0,0,0,13,50,8,11,263,76
231,7,1060.2,Community,4,2,914,1450,1423,515,2,68,0,0,0,0,17,39,10,37,263,76
231,6,183.14,Community,3,2,914,1450,1423,515,2,68,0,0,0,0,0,0,0,0,263,76
231,5,296.38,Community,2,2,914,1450,1423,515,2,68,0,0,1,0,0,0,0,0,263,76
231,4,1248.42,Community,1,2,914,1450,1423,515,2,68,0,30,0,0,0,0,0,0,263,76
274,12,79.32,Infra Tech,10,2,1598,,,0,,,0,0,0,0,0,0,0,0,2687,246
274,11,5789.39,Infra Tech,9,2,1598,,,0,,,0,0,0,0,0,0,0,0,2687,246
274,10,20.06,Infra Tech,8,2,1598,,,0,,,0,0,0,0,0,0,0,0,2687,246
274,9,72.35,Infra Tech,7,2,1598,,,0,,,0,0,0,0,0,0,0,0,2687,246
274,8,619.3,Infra Tech,6,2,1598,,,0,,,0,0,0,0,0,0,0,0,2687,246
274,7,1290.68,Infra Tech,5,2,1598,,,0,,,0,0,0,0,23,672,78,111,2687,246
274,6,848.58,Infra Tech,4,2,1598,,,0,,,0,0,0,0,25,353,31,68,2687,246
274,5,266.22,Infra Tech,3,2,1598,,,0,,,0,1,1,0,29,151,13,18,2687,246
274,4,1051.41,Infra Tech,2,2,1598,,,0,,,2,0,0,0,32,652,43,121,2687,246
274,3,1040.0,Infra Tech,1,2,1598,,,0,,,0,0,0,0,10,275,45,30,2687,246
358,12,85.95,Infra Tech,9,3,4437,3158,3172,90,2,23,0,0,0,0,0,0,0,0,590,518
358,11,104.03,Infra Tech,8,3,4437,3158,3172,90,2,23,0,0,0,0,0,0,0,0,590,518
358,10,10646.12,Infra Tech,7,3,4437,3158,3172,90,2,23,0,0,0,0,4,7,1,3,590,518
358,9,2229.69,Infra Tech,6,3,4437,3158,3172,90,2,23,0,0,0,0,0,0,0,0,590,518
358,8,3494.97,Infra Tech,5,3,4437,3158,3172,90,2,23,0,0,0,0,0,0,0,0,590,518
358,7,674.59,Infra Tech,4,3,4437,3158,3172,90,2,23,0,0,0,0,3,6,1,1,590,518
358,6,11.47,Infra Tech,3,3,4437,3158,3172,90,2,23,1,0,1,0,0,0,0,0,590,518
358,5,0.23,Infra Tech,2,3,4437,3158,3172,90,2,23,0,21,1,2,4,327,6,105,590,518
358,4,1054.95,Infra Tech,1,3,4437,3158,3172,90,2,23,5,3,1,2,5,10,0,3,590,518
2918,12,424.76,dGov,3,1,2851,2626,2625,176,4,44,2,0,0,0,0,0,0,0,392,8
2918,11,7326.58,dGov,2,1,2851,2626,2625,176,4,44,8,20,0,3,0,0,0,0,392,8
2918,10,14187.02,dGov,1,1,2851,2626,2625,176,4,44,3,18,1,1,0,0,0,0,392,8
413,12,61.32,Infra Tech,9,1,1312,919,920,0,2,66,0,0,0,0,2,7,1,0,2796,146
413,11,47.9,Infra Tech,8,1,1312,919,920,0,2,66,0,0,0,0,5,30,1,0,2796,146
413,10,1147.56,Infra Tech,7,1,1312,919,920,0,2,66,0,0,0,0,8,24,3,3,2796,146
413,9,912.87,Infra Tech,6,1,1312,919,920,0,2,66,0,0,0,0,18,34,10,2,2796,146
413,8,126.67,Infra Tech,5,1,1312,919,920,0,2,66,0,0,0,0,2,3,1,4,2796,146
413,7,342.42,Infra Tech,4,1,1312,919,920,0,2,66,0,0,0,0,47,71,19,16,2796,146
413,6,1.46,Infra Tech,3,1,1312,919,920,0,2,66,0,0,0,0,50,56,21,0,2796,146
413,5,35.04,Infra Tech,2,1,1312,919,920,0,2,66,0,0,0,0,7,25,3,7,2796,146
413,4,50.0,Infra Tech,1,1,1312,919,920,0,2,66,0,0,0,0,1,2,0,0,2796,146
2455,12,101.6,Community,3,1,398,1398,1412,0,3,27,0,1,0,4,108,5180,262,612,1521,575
2455,11,34.22,Community,2,1,398,1398,1412,0,3,27,0,0,0,0,110,1828,228,306,1521,575
2455,10,2283.77,Community,1,1,398,1398,1412,0,3,27,0,0,0,0,0,0,0,0,1521,575
1141,12,64.71,dApp Tech,6,1,1650,836,829,547,2,121,0,0,0,0,21,116,21,21,3443,2359
1141,11,283.32,dApp Tech,5,1,1650,836,829,547,2,121,0,0,0,0,35,240,33,18,3443,2359
1141,10,942.23,dApp Tech,4,1,1650,836,829,547,2,121,0,0,0,0,18,980,71,281,3443,2359
1141,9,1351.94,dApp Tech,3,1,1650,836,829,547,2,121,0,0,0,0,17,172,10,46,3443,2359
1141,8,3409.53,dApp Tech,2,1,1650,836,829,547,2,121,1,0,0,0,18,348,24,54,3443,2359
1141,7,927.58,dApp Tech,1,1,1650,836,829,547,2,121,2,0,0,0,30,344,29,120,3443,2359
2074,12,28.61,dApp Tech,4,3,1801,,,0,,,0,0,0,0,1,3,0,2,173,80
2074,11,34.87,dApp Tech,3,3,1801,,,0,,,0,0,0,0,8,333,30,126,173,80
2074,10,660.84,dApp Tech,2,3,1801,,,0,,,0,1,1,0,0,0,0,0,173,80
2074,9,4012.48,dApp Tech,1,3,1801,,,0,,,0,12,0,0,54,75,4,26,173,80
1996,12,44.98,NFTs,4,1,276,,,265,,,0,0,0,0,54,4380,290,523,5540,1079
1996,11,96.0,NFTs,3,1,276,,,265,,,10,0,0,0,57,1078,131,138,5540,1079
1996,10,192.84,NFTs,2,1,276,,,265,,,3,0,1,1,56,1588,210,245,5540,1079
1996,9,16822.62,NFTs,1,1,276,,,265,,,20,0,0,0,51,651,73,25,5540,1079
2196,12,27.41,dApp Tech,4,2,809,1018,1025,0,3,137,0,0,0,0,4,8,6,2,1025,936
2196,11,100.49,dApp Tech,3,2,809,1018,1025,0,3,137,0,0,0,0,2,12,0,0,1025,936
2196,10,89.74,dApp Tech,2,2,809,1018,1025,0,3,137,1,0,0,0,0,0,0,0,1025,936
2196,9,5809.8,dApp Tech,1,2,809,1018,1025,0,3,137,0,9,0,0,18,1502,76,198,1025,936
634,12,33.79,Infra Tech,6,6,1474,899,897,0,1,13,0,0,0,0,30,3359,1884,625,30113,485
634,11,28.25,Infra Tech,5,6,1474,899,897,0,1,13,0,0,0,0,17,629,18,119,30113,485
634,10,847.45,Infra Tech,4,6,1474,899,897,0,1,13,0,0,0,0,17,1669,93,1587,30113,485
634,9,1294.49,Infra Tech,3,6,1474,899,897,0,1,13,0,0,0,0,15,514,47,143,30113,485
634,6,298.69,Infra Tech,2,6,1474,899,897,0,1,13,1,186,6,44,2,3,1,1,30113,485
634,5,2321.74,Infra Tech,1,6,1474,899,897,0,1,13,7,163,5,73,9,22,0,4,30113,485
516,12,39.01,Community,7,8,3412,333,325,0,1,38,0,0,0,0,0,0,0,0,169,70
516,11,36.82,Community,6,8,3412,333,325,0,1,38,0,0,0,0,0,0,0,0,169,70
516,10,406.85,Community,5,8,3412,333,325,0,1,38,0,0,0,0,0,0,0,0,169,70
516,9,458.31,Community,4,8,3412,333,325,0,1,38,0,0,0,0,1,1,0,0,169,70
516,7,24.5,Community,3,8,3412,333,325,0,1,38,0,0,0,0,0,0,0,0,169,70
516,6,328.06,Community,2,8,3412,333,325,0,1,38,0,0,0,0,4,7,1,1,169,70
516,5,2615.79,Community,1,8,3412,333,325,0,1,38,2,43,6,29,8,75,6,46,169,70
2871,12,46.33,dApp Tech,3,1,288,994,998,0,1,0,1,0,0,0,49,294,56,34,5557,667
2871,11,1757.13,dApp Tech,2,1,288,994,998,0,1,0,0,0,0,0,53,12181,495,4638,5557,667
2871,10,4144.46,dApp Tech,1,1,288,994,998,0,1,0,13,8,9,64,45,508,111,76,5557,667
1175,12,18.55,Infra Tech,6,1,818,1755,1761,0,5,70,0,0,0,0,0,0,0,0,341,1
1175,11,15.05,Infra Tech,5,1,818,1755,1761,0,5,70,0,0,0,0,0,0,0,0,341,1
1175,10,803.88,Infra Tech,4,1,818,1755,1761,0,5,70,0,0,0,0,0,0,0,0,341,1
1175,9,4917.63,Infra Tech,3,1,818,1755,1761,0,5,70,0,0,0,0,0,0,0,0,341,1
1175,8,1695.88,Infra Tech,2,1,818,1755,1761,0,5,70,0,0,0,0,0,0,0,0,341,1
1175,7,359.19,Infra Tech,1,1,818,1755,1761,0,5,70,0,0,0,0,2,6,0,5,341,1
1511,12,36.16,dApp Tech,3,1,708,,,289,,,122,30,47,362,54,85910,4766,18169,1538,914
1511,11,305.9,dApp Tech,2,1,708,,,289,,,73,2,25,397,26,4548,254,662,1538,914
1511,10,3124.7,dApp Tech,1,1,708,,,289,,,29,2,34,358,16,88,29,18,1538,914
2427,12,25.42,NFTs,3,1,2370,,,0,,,0,0,0,0,0,0,0,0,46,70
2427,11,63.06,NFTs,2,1,2370,,,0,,,0,0,0,0,4,32,6,8,46,70
2427,10,3295.66,NFTs,1,1,2370,,,0,,,0,0,0,0,0,0,0,0,46,70
36,12,16.01,Community,8,2,389,9970,9946,120,6,39,0,0,0,0,1,16,5,3,11256,18
36,11,241.19,Community,7,2,389,9970,9946,120,6,39,0,0,0,0,3,59,3,15,11256,18
36,10,7.8,Community,6,2,389,9970,9946,120,6,39,0,0,0,0,0,0,0,0,11256,18
36,7,33.15,Community,5,2,389,9970,9946,120,6,39,0,0,0,0,0,0,0,0,11256,18
36,6,13.47,Community,4,2,389,9970,9946,120,6,39,0,0,0,0,3,114,3,17,11256,18
36,3,2420.0,Community,3,2,389,9970,9946,120,6,39,0,0,0,0,7,134,3,25,11256,18
36,2,4379.0,Community,2,2,389,9970,9946,120,6,39,16,20,7,10,46,702,58,99,11256,18
36,1,4055.74,Community,1,2,389,9970,9946,120,6,39,22,262,0,3,1,39,2,8,11256,18
2119,12,4.22,dApp Tech,4,2,2707,487,485,0,2,28,0,0,0,0,4,8,6,2,1025,936
2119,11,43.06,dApp Tech,3,2,2707,487,485,0,2,28,2,78,1,25,2,12,0,0,1025,936
2119,10,1925.82,dApp Tech,2,2,2707,487,485,0,2,28,0,44,1,1,0,0,0,0,1025,936
2119,9,1707.45,dApp Tech,1,2,2707,487,485,0,2,28,3,8,0,0,18,1502,76,198,1025,936
233,12,3.97,Infra Tech,5,2,1411,,,566,,,0,0,0,0,0,0,0,0,1410,20
233,11,125.06,Infra Tech,4,2,1411,,,566,,,0,0,0,0,0,0,0,0,1410,20
233,6,4227.9,Infra Tech,3,2,1411,,,566,,,8,0,0,0,0,0,0,0,1410,20
233,5,5163.51,Infra Tech,2,2,1411,,,566,,,3,3,2,3,0,0,0,0,1410,20
233,4,1973.98,Infra Tech,1,2,1411,,,566,,,7,1,0,0,1,23,1,3,1410,20
653,12,4.34,Infra Tech,6,1,278,194,195,470,1,2,0,0,0,0,1,3,0,0,1274,62
653,11,394.38,Infra Tech,5,1,278,194,195,470,1,2,0,0,0,0,0,0,0,0,1274,62
653,6,87.03,Infra Tech,4,1,278,194,195,470,1,2,0,0,0,0,0,0,0,0,1274,62
653,5,61.41,Infra Tech,3,1,278,194,195,470,1,2,0,6,0,1,1,1,0,0,1274,62
653,4,95.95,Infra Tech,2,1,278,194,195,470,1,2,4,3,0,1,3,4,1,0,1274,62
653,3,4472.11,Infra Tech,1,1,278,194,195,470,1,2,7,2,0,9,0,0,0,0,1274,62
290,12,4.34,Infra Tech,3,2,763,,,0,,,0,0,0,0,,,,,,
290,11,5368.69,Infra Tech,2,2,763,,,0,,,0,0,0,0,,,,,,
290,6,0.0,Infra Tech,1,2,763,,,0,,,0,0,0,0,,,,,,
22,12,0,Infra Tech,7,2,532,,,0,,,0,0,0,0,0,0,0,0,1074,557
22,11,30.66,Infra Tech,6,2,532,,,0,,,0,0,0,0,0,0,0,0,1074,557
22,10,6.87,Infra Tech,5,2,532,,,0,,,0,0,0,0,0,0,0,0,1074,557
22,9,6.93,Infra Tech,4,2,532,,,0,,,0,0,0,0,0,0,0,0,1074,557
22,6,69.93,Infra Tech,3,2,532,,,0,,,0,0,0,0,1,2,2,0,1074,557
22,5,9.51,Infra Tech,2,2,532,,,0,,,124,84,16,176,0,0,0,0,1074,557
22,3,10597.72,Infra Tech,1,2,532,,,0,,,437,493,35,176,0,0,0,0,1074,557
256,12,9.5,dApp Tech,5,1,1196,,,0,,,0,0,0,0,,,,,,
256,11,3.2,dApp Tech,4,1,1196,,,0,,,0,0,0,0,,,,,,
256,6,2.56,dApp Tech,3,1,1196,,,0,,,0,0,0,0,,,,,,
256,5,20.9,dApp Tech,2,1,1196,,,0,,,1,0,0,0,,,,,,
256,4,3962.39,dApp Tech,1,1,1196,,,0,,,1,0,0,0,,,,,,
145,12,0.96,Infra Tech,6,1,2172,3997,4010,85,6,93,0,0,0,0,51,582,98,85,10437,1397
145,11,84.48,Infra Tech,5,1,2172,3997,4010,85,6,93,0,0,0,0,50,815,133,105,10437,1397
145,7,30.3,Infra Tech,4,1,2172,3997,4010,85,6,93,0,0,0,0,52,438,65,44,10437,1397
145,6,1081.74,Infra Tech,3,1,2172,3997,4010,85,6,93,4,0,0,0,54,591,70,92,10437,1397
145,5,6276.66,Infra Tech,2,1,2172,3997,4010,85,6,93,1,15,2,1,51,468,27,29,10437,1397
145,4,1895.23,Infra Tech,1,1,2172,3997,4010,85,6,93,0,10,0,0,47,195,24,52,10437,1397
2180,12,1.0,dApp Tech,4,1,2798,965,963,0,2,0,0,0,0,0,0,0,0,0,30,3
2180,11,15.07,dApp Tech,3,1,2798,965,963,0,2,0,0,0,0,0,0,0,0,0,30,3
2180,10,1090.37,dApp Tech,2,1,2798,965,963,0,2,0,0,0,0,0,0,0,0,0,30,3
2180,9,1453.87,dApp Tech,1,1,2798,965,963,0,2,0,0,0,0,0,1,1,0,1,30,3
1240,12,2.0,Infra Tech,5,1,2758,,,0,,,0,0,0,0,0,0,0,0,14,78
1240,10,124.45,Infra Tech,4,1,2758,,,0,,,0,0,0,0,0,0,0,0,14,78
1240,9,876.32,Infra Tech,3,1,2758,,,0,,,0,0,0,0,0,0,0,0,14,78
1240,8,2098.56,Infra Tech,2,1,2758,,,0,,,0,0,0,0,0,0,0,0,14,78
1240,7,1937.65,Infra Tech,1,1,2758,,,0,,,0,0,0,0,1,0,0,0,14,78
1375,12,0,dApp Tech,3,3,1330,,,0,,,0,0,0,0,3,1,1,0,609,3
1375,8,4774.35,dApp Tech,2,3,1330,,,0,,,1,38,0,9,41,47,38,18,609,3
1375,7,1089.67,dApp Tech,1,3,1330,,,0,,,1,68,0,133,2,2,0,3,609,3
519,12,0,dApp Tech,7,5,789,283,259,0,3,145,0,0,0,0,0,0,0,0,2629,87
519,11,86.71,dApp Tech,6,5,789,283,259,0,3,145,0,0,0,0,0,0,0,0,2629,87
519,7,1063.04,dApp Tech,5,5,789,283,259,0,3,145,0,0,0,0,0,0,0,0,2629,87
519,6,163.7,dApp Tech,4,5,789,283,259,0,3,145,0,0,0,0,0,0,0,0,2629,87
519,5,137.22,dApp Tech,3,5,789,283,259,0,3,145,1,3,0,0,0,0,0,0,2629,87
519,4,2008.17,dApp Tech,2,5,789,283,259,0,3,145,7,35,4,8,0,0,0,0,2629,87
519,3,13276.88,dApp Tech,1,5,789,283,259,0,3,145,8,19,3,24,0,0,0,0,2629,87
1005,12,6.06,dApp Tech,6,1,567,259,261,0,1,81,0,0,0,0,5,66,11,2,8943,462
1005,11,9.71,dApp Tech,5,1,567,259,261,0,1,81,0,0,0,0,0,0,0,0,8943,462
1005,10,11.16,dApp Tech,4,1,567,259,261,0,1,81,0,0,0,0,6,738,31,146,8943,462
1005,9,164.28,dApp Tech,3,1,567,259,261,0,1,81,6,0,0,1,0,0,0,0,8943,462
1005,8,359.82,dApp Tech,2,1,567,259,261,0,1,81,4,0,0,0,1,2,0,0,8943,462
1005,7,6807.28,dApp Tech,1,1,567,259,261,0,1,81,12,2,0,0,11,902,129,172,8943,462
1999,12,565.31,Infra Tech,4,1,2768,1166,1175,0,3,0,0,0,0,0,16,14,10,0,197,446
1999,11,8.81,Infra Tech,3,1,2768,1166,1175,0,3,0,0,0,0,0,0,0,0,0,197,446
1999,10,2199.28,Infra Tech,2,1,2768,1166,1175,0,3,0,0,0,0,0,10,6,1,0,197,446
1999,9,978.43,Infra Tech,1,1,2768,1166,1175,0,3,0,0,0,0,0,0,0,0,0,197,446
556,12,9.5,dApp Tech,6,4,1547,,,0,,,0,0,0,0,2,163,17,38,9004,797
556,9,90.97,dApp Tech,5,4,1547,,,0,,,0,0,0,0,2,37,3,8,9004,797
556,8,200.09,dApp Tech,4,4,1547,,,0,,,0,0,0,0,6,119,10,20,9004,797
556,7,188.2,dApp Tech,3,4,1547,,,0,,,0,0,0,0,7,85,5,14,9004,797
556,6,653.67,dApp Tech,2,4,1547,,,0,,,0,0,0,0,17,63,3,7,9004,797
556,5,1687.6,dApp Tech,1,4,1547,,,0,,,0,0,0,0,43,253,29,51,9004,797
1134,12,0,dApp Tech,6,1,3646,,,0,,,0,0,0,0,0,0,0,0,20,118
1134,11,24.08,dApp Tech,5,1,3646,,,0,,,0,0,0,0,0,0,0,0,20,118
1134,10,137.11,dApp Tech,4,1,3646,,,0,,,0,0,0,0,0,0,0,0,20,118
1134,9,412.79,dApp Tech,3,1,3646,,,0,,,0,0,0,0,0,0,0,0,20,118
1134,8,3790.9,dApp Tech,2,1,3646,,,0,,,1,0,0,0,0,0,0,0,20,118
1134,7,1010.86,dApp Tech,1,1,3646,,,0,,,0,0,0,0,1,1,0,0,20,118
294,12,1.21,Community,6,1,5412,,,0,,,0,0,0,0,0,0,0,0,9740,603
294,10,45.61,Community,5,1,5412,,,0,,,0,0,0,0,0,0,0,0,9740,603
294,9,1777.42,Community,4,1,5412,,,0,,,0,0,0,0,32,3316,262,560,9740,603
294,8,40798.92,Community,3,1,5412,,,0,,,0,0,0,0,26,2708,86,171,9740,603
294,6,0.03,Community,2,1,5412,,,0,,,0,26,0,0,0,0,0,0,9740,603
294,5,8.26,Community,1,1,5412,,,0,,,0,0,0,0,0,0,0,0,9740,603
1099,12,0,dApp Tech,5,2,2101,,,0,,,0,0,0,0,3,47,0,5,3760,93
1099,11,469.57,dApp Tech,4,2,2101,,,0,,,0,0,0,0,4,576,23,38,3760,93
1099,10,4.22,dApp Tech,3,2,2101,,,0,,,0,0,0,0,5,1182,43,352,3760,93
1099,8,252.95,dApp Tech,2,2,2101,,,0,,,0,0,0,0,18,1800,141,568,3760,93
1099,7,1804.27,dApp Tech,1,2,2101,,,0,,,2,0,0,0,12,67,4,15,3760,93
959,12,0,Infra Tech,3,1,1562,,,0,,,0,0,0,0,0,0,0,0,,
959,11,72.22,Infra Tech,2,1,1562,,,0,,,0,0,0,0,0,0,0,0,,
959,6,10037.65,Infra Tech,1,1,1562,,,0,,,1,44,0,33,0,0,0,0,,
389,12,0,dApp Tech,6,1,1391,,,0,,,0,0,0,0,0,0,0,0,563,32
389,11,1866.45,dApp Tech,5,1,1391,,,0,,,0,0,0,0,1,0,0,0,563,32
389,10,478.71,dApp Tech,4,1,1391,,,0,,,0,0,0,0,9,52,2,4,563,32
389,9,162.28,dApp Tech,3,1,1391,,,0,,,0,0,0,0,0,0,0,0,563,32
389,8,139.91,dApp Tech,2,1,1391,,,0,,,0,0,0,0,0,0,0,0,563,32
389,6,0.0,dApp Tech,1,1,1391,,,0,,,0,0,0,0,0,0,0,0,563,32
3278,11,48420.66,dApp Tech,1,1,564,7739,7753,0,2,0,1,0,0,0,36,3138,1331,1224,72646,173
3510,11,22961.22,Infra Tech,1,2,2746,,,285,,,0,2,3,0,5,49,0,19,1953,70
3004,11,15329.12,Building Gitcoin,2,2,743,9970,9946,120,6,39,11,396,35,93,86,7468,468,712,45764,5871
3004,10,4667.12,Building Gitcoin,1,2,743,9970,9946,120,6,39,0,168,0,0,104,2416,196,446,45764,5871
142,11,13914.18,Infra Tech,9,5,7468,7276,7262,94,2,151,0,0,0,0,17,1125,39,253,10263,694
142,10,14148.27,Infra Tech,8,5,7468,7276,7262,94,2,151,0,0,0,0,46,1262,134,237,10263,694
142,9,18965.02,Infra Tech,7,5,7468,7276,7262,94,2,151,0,0,0,0,54,919,58,205,10263,694
142,8,32682.01,Infra Tech,6,5,7468,7276,7262,94,2,151,0,0,0,0,51,1421,68,333,10263,694
142,7,9313.66,Infra Tech,5,5,7468,7276,7262,94,2,151,0,0,0,0,55,593,46,152,10263,694
142,6,1281.64,Infra Tech,4,5,7468,7276,7262,94,2,151,0,0,0,0,42,881,93,176,10263,694
142,5,1780.97,Infra Tech,3,5,7468,7276,7262,94,2,151,1,58,0,33,21,146,8,37,10263,694
142,4,5161.9,Infra Tech,2,5,7468,7276,7262,94,2,151,0,69,2,84,50,224,31,29,10263,694
142,3,1626.3,Infra Tech,1,5,7468,7276,7262,94,2,151,3,42,1,104,44,116,27,17,10263,694
2262,11,12163.24,Infra Tech,3,,,,,,,,6,0,0,0,2,87,18,23,4720,1
2262,10,321.57,Infra Tech,2,,,,,,,,2,0,0,0,1,8,0,1,4720,1
2262,9,8434.2,Infra Tech,1,,,,,,,,3,0,0,2,33,37,5,10,4720,1
596,11,11620.86,Infra Tech,3,,,,,,,,0,0,0,0,43,1961,118,325,5149,818
596,6,152.39,Infra Tech,2,,,,,,,,6,0,0,50,27,41,27,1,5149,818
596,5,4117.91,Infra Tech,1,,,,,,,,1,0,0,6,13,29,10,3,5149,818
212,11,37.43,dApp Tech,8,,,,,,,,0,0,0,0,0,0,0,0,1808,518
212,10,501.52,dApp Tech,7,,,,,,,,0,0,0,0,0,0,0,0,1808,518
212,9,29.28,dApp Tech,6,,,,,,,,0,0,0,0,2,14,0,6,1808,518
212,8,8.97,dApp Tech,5,,,,,,,,0,0,0,0,0,0,0,0,1808,518
212,7,2484.52,dApp Tech,4,,,,,,,,0,0,0,0,4,8,0,2,1808,518
212,6,0.28,dApp Tech,3,,,,,,,,2,4,0,0,1,3,1,3,1808,518
212,5,8.49,dApp Tech,2,,,,,,,,0,39,0,3,18,224,36,81,1808,518
212,4,55.0,dApp Tech,1,,,,,,,,0,8,0,0,2,2,0,1,1808,518
1093,10,65585.29,dGov,4,,,,,,,,0,0,0,0,13,96,4,15,24225,14
1093,9,17468.87,dGov,3,,,,,,,,19,136,0,94,1,2,0,0,24225,14
1093,8,19625.17,dGov,2,,,,,,,,9,96,0,109,2,23,2,6,24225,14
1093,7,17353.4,dGov,1,,,,,,,,45,141,1,283,2,37,10,4,24225,14
1571,10,4289.23,Infra Tech,3,,,,,,,,0,0,0,0,0,0,0,0,,
1571,9,1145.22,Infra Tech,2,,,,,,,,5,115,11,13,0,0,0,0,,
1571,8,138.07,Infra Tech,1,,,,,,,,0,0,0,0,0,0,0,0,,
1112,10,2706.47,dApp Tech,4,,,,,,,,0,0,0,0,14,170,21,28,5810,527
1112,9,1482.42,dApp Tech,3,,,,,,,,0,0,0,0,4,22,2,3,5810,527
1112,8,1565.41,dApp Tech,2,,,,,,,,0,15,0,17,20,168,25,24,5810,527
1112,7,5627.42,dApp Tech,1,,,,,,,,0,21,0,10,18,90,7,13,5810,527
1415,10,367.56,Infra Tech,3,,,,,,,,0,0,0,0,3,952,95,244,4080,35
1415,9,18996.51,Infra Tech,2,,,,,,,,45,21,8,95,5,42,2,10,4080,35
1415,8,58145.94,Infra Tech,1,,,,,,,,47,14,5,103,8,46,5,8,4080,35
198,10,314.22,dApp Tech,7,3,1297,,,58,,,0,0,0,0,3,1105,34,173,48201,269
198,9,355.64,dApp Tech,6,3,1297,,,58,,,0,0,0,0,6,339,38,65,48201,269
198,8,1133.12,dApp Tech,5,3,1297,,,58,,,0,0,0,0,1,76,5,13,48201,269
198,7,2107.96,dApp Tech,4,3,1297,,,58,,,0,0,0,0,0,0,0,0,48201,269
198,6,6851.88,dApp Tech,3,3,1297,,,58,,,7,1,0,7,3,70,5,18,48201,269
198,5,3995.54,dApp Tech,2,3,1297,,,58,,,4,2,0,5,2,27,2,14,48201,269
198,4,3000.85,dApp Tech,1,3,1297,,,58,,,9,25,1,8,13,90,12,24,48201,269
540,9,69599.76,Infra Tech,5,,,,,,,,0,0,0,0,10,131,6,46,23963,87
540,8,1998.29,Infra Tech,4,,,,,,,,0,0,0,0,19,52,7,15,23963,87
540,7,4682.54,Infra Tech,3,,,,,,,,15,238,1,121,40,232,7,91,23963,87
540,6,7.35,Infra Tech,2,,,,,,,,16,175,2,171,21,319,13,120,23963,87
540,5,45.27,Infra Tech,1,,,,,,,,7,25,4,64,6,91,4,33,23963,87
1773,9,36463.49,dApp Tech,2,1,2170,5557,5543,344,3,58,0,25,0,3,3,22,3,7,6674,39
1773,8,43.1,dApp Tech,1,1,2170,5557,5543,344,3,58,0,14,0,0,20,169,25,16,6674,39
275,9,30579.95,Infra Tech,6,,,,,,,,0,0,0,0,42,774,43,107,28098,190
275,8,34207.08,Infra Tech,5,,,,,,,,0,0,0,0,8,645,149,168,28098,190
275,7,19670.12,Infra Tech,4,,,,,,,,0,0,0,0,35,188,32,47,28098,190
275,6,1657.69,Infra Tech,3,,,,,,,,11,92,2,72,15,500,42,102,28098,190
275,5,836.59,Infra Tech,2,,,,,,,,4,17,1,11,32,253,41,78,28098,190
275,4,4380.0,Infra Tech,1,,,,,,,,6,65,1,12,12,184,11,36,28098,190
1530,9,15960.6,dApp Tech,2,,,,,,,,15,9,0,0,33,761,83,95,1830,15
1530,8,10665.31,dApp Tech,1,,,,,,,,0,0,0,0,9,135,5,28,1830,15
86,8,142078.48,Building Gitcoin,7,3,2105,82472,82327,5,20,468,0,0,0,0,41,65040,2389,8778,112675,851
86,7,27017.18,Building Gitcoin,6,3,2105,82472,82327,5,20,468,0,0,0,0,46,927,153,207,112675,851
86,6,9062.66,Building Gitcoin,5,3,2105,82472,82327,5,20,468,0,0,0,0,51,561,35,150,112675,851
86,5,3657.81,Building Gitcoin,4,3,2105,82472,82327,5,20,468,0,0,0,0,52,433,67,246,112675,851
86,4,10850.25,Building Gitcoin,3,3,2105,82472,82327,5,20,468,0,0,0,0,55,950,54,302,112675,851
86,3,1344.88,Building Gitcoin,2,3,2105,82472,82327,5,20,468,18,2,11,103,52,879,41,201,112675,851
86,2,457.0,Building Gitcoin,1,3,2105,82472,82327,5,20,468,42,7,26,195,54,575,21,166,112675,851
159,8,10751.83,dApp Tech,4,2,626,3173,3117,602,2,27,0,0,0,0,48,18391,815,2207,101058,580
159,7,1544.54,dApp Tech,3,2,626,3173,3117,602,2,27,42,91,1,78,48,625,157,488,101058,580
159,6,214.85,dApp Tech,2,2,626,3173,3117,602,2,27,13,114,1,63,19,51,5,22,101058,580
159,5,213.55,dApp Tech,1,2,626,3173,3117,602,2,27,9,46,0,56,10,45,10,12,101058,580
822,8,1189.26,dApp Tech,3,,,,,,,,1,55,5,20,0,0,0,0,44008,2
822,7,1224.92,dApp Tech,2,,,,,,,,0,17,0,2,18,823,94,275,44008,2
822,6,763.66,dApp Tech,1,,,,,,,,4,48,0,0,11,361,334,116,44008,2
224,7,27012.22,Infra Tech,4,,,,,,,,0,0,0,0,,,,,,
224,6,917.24,Infra Tech,3,,,,,,,,2,31,0,1,,,,,,
224,5,1290.73,Infra Tech,2,,,,,,,,0,23,0,9,,,,,,
224,4,7924.27,Infra Tech,1,,,,,,,,2,58,0,18,,,,,,
936,7,16084.95,dApp Tech,2,,,,,,,,1,3,0,0,40,591,35,156,108940,196
936,6,141.8,dApp Tech,1,,,,,,,,4,10,1,0,33,7441,50,560,108940,196
296,7,6422.13,dApp Tech,4,,,,,,,,0,0,0,0,38,1376,104,306,28653,40
296,6,2185.55,dApp Tech,3,,,,,,,,0,0,0,0,52,282,36,63,28653,40
296,5,1240.62,dApp Tech,2,,,,,,,,0,0,0,0,13,163,4,34,28653,40
296,4,610.1,dApp Tech,1,,,,,,,,0,0,0,0,45,542,31,98,28653,40
943,7,5416.33,Infra Tech,2,2,1597,1108,1083,0,3,125,43,3,0,1,50,840,84,172,10002,952
943,6,143.21,Infra Tech,1,2,1597,1108,1083,0,3,125,10,1,1,5,37,460,62,66,10002,952
946,6,67269.33,Infra Tech,1,,,,,,,,3,7,0,8,,,,,,
246,6,4489.51,dApp Tech,3,3,2653,,,394,,,5,45,4,3,0,0,0,0,1740,1
246,5,9014.33,dApp Tech,2,3,2653,,,394,,,4,8,1,0,0,0,0,0,1740,1
246,4,3413.73,dApp Tech,1,3,2653,,,394,,,5,18,0,1,0,0,0,0,1740,1
547,5,4601.95,Health,1,3,976,,,0,,,1,14,0,28,46,237,51,65,492,3399
82,2,27140.07,dApp Tech,1,,,,,,,,3,0,0,0,4,57,10,22,6162,202
