pk,round,total_earned,round_times,team_member,len_description,admin_profile_followers,admin_profile_following,admin_position,admin_grants_contributed,stars,commits,issues,comments,tweet_count,count_likes,count_comments,count_retweet
149,12,154504.96,9,4,5398,19052,18948,19,30,0,0,0,0,37,238,11,64
149,11,37891.81,8,4,5398,19052,18948,19,30,0,0,0,0,49,213,24,35
149,10,45303.31,7,4,5398,19052,18948,19,30,0,0,0,0,50,170,18,19
149,9,19282.23,6,4,5398,19052,18948,19,30,0,0,0,0,46,221,18,75
149,8,25615.72,5,4,5398,19052,18948,19,30,0,0,0,0,50,149,21,24
149,7,28550.04,4,4,5398,19052,18948,19,30,0,0,0,0,49,165,21,31
149,6,4527.64,3,4,5398,19052,18948,19,30,8,62,2,45,51,330,29,103
149,5,3745.48,2,4,5398,19052,18948,19,30,10,71,2,48,49,131,25,29
149,4,3961.96,1,4,5398,19052,18948,19,30,16,40,1,63,50,153,18,30
4352,12,241184.2,1,,,,,,,18,107,0,58,51,4044,371,350
3857,12,112437.23,1,3,775,8582,8600,87,0,13,10,0,7,0,0,0,0
172,12,111917.98,8,1,1341,20183,20182,40,4,0,0,0,0,3,32,12,6
172,11,26618.25,7,1,1341,20183,20182,40,4,0,0,0,0,0,0,0,0
172,10,419.25,6,1,1341,20183,20182,40,4,0,0,0,0,0,0,0,0
172,9,20716.54,5,1,1341,20183,20182,40,4,0,0,0,0,1,9,2,4
172,8,611.22,4,1,1341,20183,20182,40,4,0,0,0,0,1,3,0,1
172,7,133.63,3,1,1341,20183,20182,40,4,3,43,0,1,2,4,0,1
172,6,1482.01,2,1,1341,20183,20182,40,4,0,11,0,0,1,5,0,2
172,5,549.96,1,1,1341,20183,20182,40,4,2,108,0,0,5,59,1,14
1143,12,84816.85,6,,,,,,,0,0,0,0,4,67,4,6
1143,11,44859.04,5,,,,,,,0,0,0,0,46,1477,99,272
1143,10,5764.71,4,,,,,,,0,0,0,0,13,37,1,7
1143,9,1450.87,3,,,,,,,3,5,0,4,7,19,1,4
1143,8,1244.53,2,,,,,,,1,7,0,2,8,16,4,3
1143,7,615.38,1,,,,,,,3,1,1,26,20,77,10,13
1592,12,71109.66,5,2,456,10649,10672,91,6,0,0,0,0,0,0,0,0
1592,11,19155.27,4,2,456,10649,10672,91,6,0,0,0,0,2,98,7,26
1592,10,21178.95,3,2,456,10649,10672,91,6,0,0,0,0,2,328,83,57
1592,9,7614.55,2,2,456,10649,10672,91,6,46,57,6,129,3,309,24,39
1592,8,154414.45,1,2,456,10649,10672,91,6,30,120,8,84,2,28,0,7
337,12,50776.68,7,2,2459,10752,10730,312,67,0,0,0,0,0,0,0,0
337,11,9856.43,6,2,2459,10752,10730,312,67,0,0,0,0,1,3,1,1
337,10,12886.87,5,2,2459,10752,10730,312,67,0,0,0,0,0,0,0,0
337,9,12185.65,4,2,2459,10752,10730,312,67,0,0,0,0,2,3,0,2
337,8,5620.65,3,2,2459,10752,10730,312,67,0,3,0,0,0,0,0,0
337,7,1380.72,2,2,2459,10752,10730,312,67,0,0,0,0,0,0,0,0
337,6,0.08,1,2,2459,10752,10730,312,67,0,0,0,0,0,0,0,0
2323,12,180574.64,4,3,3645,24478,24487,97,43,0,0,0,0,9,696,101,440
2323,11,97934.07,3,3,3645,24478,24487,97,43,15,2,0,2,0,0,0,0
2323,10,41943.51,2,3,3645,24478,24487,97,43,25,56,1,57,46,787,69,82
2323,9,17369.47,1,3,3645,24478,24487,97,43,8,0,0,0,12,295,31,45
4019,12,71747.35,1,1,23793,11613,11651,16,2,0,135,0,0,6,30,3,12
821,12,80342.05,7,2,6889,20755,20710,18,142,0,0,0,0,12,357,29,88
821,11,38557.53,6,2,6889,20755,20710,18,142,0,0,0,0,2,70,2,19
821,10,18003.53,5,2,6889,20755,20710,18,142,0,0,0,0,10,88,6,19
821,9,22730.57,4,2,6889,20755,20710,18,142,0,0,0,0,13,62,10,17
821,8,3814.98,3,2,6889,20755,20710,18,142,1,16,0,24,5,18,1,3
821,7,4333,2,2,6889,20755,20710,18,142,2,8,0,10,4,40,8,10
821,6,2400.79,1,2,6889,20755,20710,18,142,10,0,1,3,9,165,8,44
3133,12,91301.78,3,,,,,,,8,75,0,34,53,2665,307,395
3133,11,57347.62,2,,,,,,,3,390,0,3,53,14243,1730,2107
3133,10,3453.55,1,,,,,,,1,554,0,2,5,52,3,23
490,12,98819.58,8,1,3337,25062,25020,54,86,0,0,0,0,27,3975,447,1018
490,11,69417.78,7,1,3337,25062,25020,54,86,0,0,0,0,59,3115,412,481
490,10,58214.3,6,1,3337,25062,25020,54,86,0,0,0,0,17,645,60,129
490,9,46686.34,5,1,3337,25062,25020,54,86,0,0,0,0,10,186,15,28
490,8,10108.34,4,1,3337,25062,25020,54,86,0,0,0,0,7,67,6,5
490,7,11254.21,3,1,3337,25062,25020,54,86,0,4,0,0,15,486,24,101
490,6,3160.85,2,1,3337,25062,25020,54,86,0,35,0,1,6,34,2,8
490,5,6148.32,1,1,3337,25062,25020,54,86,0,3,0,0,11,136,9,35
1080,12,46985.5,4,1,2699,1761,1773,222,296,0,0,0,0,38,927,106,233
1080,11,65.29,3,1,2699,1761,1773,222,296,1,102,0,0,16,263,13,24
1080,10,112.16,2,1,2699,1761,1773,222,296,1,238,0,2,4,224,15,53
1080,9,173.37,1,1,2699,1761,1773,222,296,0,0,0,0,8,56,47,10
3335,12,35256.44,2,1,5434,,,325,,1,0,0,0,5,1656,69,256
3335,11,15548.58,1,1,5434,,,325,,0,0,0,0,3,72,19,16
1403,12,47924.82,4,3,5656,13433,13432,86,113,0,0,0,0,7,25,3,4
1403,11,19329.74,3,3,5656,13433,13432,86,113,0,57,0,3,5,7,3,3
1403,10,14219.42,2,3,5656,13433,13432,86,113,1,56,0,5,27,325,40,69
1403,9,8241.31,1,3,5656,13433,13432,86,113,2,46,0,8,14,153,6,42
4165,12,37821.9,1,,,,,,,9,0,0,0,3,263,14,49
191,12,31719.37,9,3,3476,15453,15423,61,86,0,0,0,0,15,258,22,49
191,11,18542.85,8,3,3476,15453,15423,61,86,0,0,0,0,18,982,199,319
191,10,47951.92,7,3,3476,15453,15423,61,86,0,0,0,0,8,57,2,37
191,9,17238.27,6,3,3476,15453,15423,61,86,0,0,0,0,17,461,18,175
191,8,9956.68,5,3,3476,15453,15423,61,86,0,0,0,0,13,137,7,47
191,7,35231.51,4,3,3476,15453,15423,61,86,0,0,0,0,36,1529,129,364
191,6,1392.16,3,3,3476,15453,15423,61,86,3,97,3,51,19,239,6,73
191,5,815.42,2,3,3476,15453,15423,61,86,1,88,2,15,18,232,20,65
191,4,1535.27,1,3,3476,15453,15423,61,86,1,33,0,2,7,125,21,35
3930,12,19759.06,1,2,7839,385,382,0,21,0,2,0,0,52,173,31,11
1809,12,33372.4,5,1,1209,8364,8369,9,55,0,0,0,0,16,333,33,68
1809,11,13760.45,4,1,1209,8364,8369,9,55,0,0,0,0,24,289,30,39
1809,10,3244.53,3,1,1209,8364,8369,9,55,0,0,0,0,12,213,31,19
1809,9,24595.55,2,1,1209,8364,8369,9,55,34,226,0,11,30,847,94,116
1809,8,8213.36,1,1,1209,8364,8369,9,55,2,13,0,0,16,143,15,41
2916,12,27756.77,3,,,,,,,4,238,3,102,49,3033,582,547
2916,11,9706.13,2,,,,,,,4,197,5,77,61,2065,124,549
2916,10,2002.01,1,,,,,,,8,69,1,25,61,1867,181,372
3386,12,28073.06,2,3,2528,5045,5054,198,0,1,25,0,22,46,1711,141,484
3386,11,11218.48,1,3,2528,5045,5054,198,0,0,0,0,0,27,143,22,68
3012,12,22376.78,3,2,2052,4938,4956,768,2,1,17,1,14,0,0,0,0
3012,11,6938.24,2,2,2052,4938,4956,768,2,0,8,0,0,1,0,0,0
3012,10,16.47,1,2,2052,4938,4956,768,2,0,41,0,1,1,1,2,0
13,12,37314.26,12,1,1616,13211,13239,34,149,0,0,0,0,28,632,82,116
13,11,13186.37,11,1,1616,13211,13239,34,149,0,0,0,0,29,2328,75,1664
13,10,49137.45,10,1,1616,13211,13239,34,149,0,0,0,0,37,404,36,55
13,9,21223.5,9,1,1616,13211,13239,34,149,0,0,0,0,14,126,11,3
13,8,24791.6,8,1,1616,13211,13239,34,149,0,0,0,0,33,238,38,37
13,7,6209.48,7,1,1616,13211,13239,34,149,0,0,0,0,9,66,8,10
13,6,4297.01,6,1,1616,13211,13239,34,149,0,0,0,0,33,67,29,9
13,5,2742.39,5,1,1616,13211,13239,34,149,0,0,0,0,13,109,11,19
13,4,3086,4,1,1616,13211,13239,34,149,0,0,0,0,10,40,13,8
13,3,7205.53,3,1,1616,13211,13239,34,149,0,0,0,0,14,104,15,6
13,2,3290.92,2,1,1616,13211,13239,34,149,26,1,0,88,6,14,6,1
13,1,3003.27,1,1,1616,13211,13239,34,149,20,18,1,82,13,52,7,9
3814,12,47713.56,1,,,,,,,0,1,0,0,2,13,2,2
25,12,30502.35,12,1,364,12136,12158,16,6,0,0,0,0,2,6,3,1
25,11,13652.53,11,1,364,12136,12158,16,6,0,0,0,0,8,283,19,59
25,10,52446.07,10,1,364,12136,12158,16,6,0,0,0,0,3,54,1,4
25,9,17564.72,9,1,364,12136,12158,16,6,0,0,0,0,5,111,4,27
25,8,37892.28,8,1,364,12136,12158,16,6,0,0,0,0,10,465,15,69
25,7,3214.91,7,1,364,12136,12158,16,6,0,0,0,0,4,41,1,7
25,6,4727.57,6,1,364,12136,12158,16,6,0,0,0,0,1,25,3,2
25,5,2242.98,5,1,364,12136,12158,16,6,0,0,0,0,0,0,0,0
25,4,3020.28,4,1,364,12136,12158,16,6,0,0,0,0,30,454,28,70
25,3,15160.45,3,1,364,12136,12158,16,6,0,0,0,0,10,726,26,145
25,2,4162,2,1,364,12136,12158,16,6,9,302,0,93,5,226,24,47
25,1,2105.16,1,1,364,12136,12158,16,6,6,128,0,83,21,341,46,84
24,12,27615.18,12,3,1008,14042,13972,38,14,0,0,0,0,1,41,4,9
24,11,20275.63,11,3,1008,14042,13972,38,14,0,0,0,0,0,0,0,0
24,10,54210.29,10,3,1008,14042,13972,38,14,0,0,0,0,1,30,1,6
24,9,29459.4,9,3,1008,14042,13972,38,14,0,0,0,0,0,0,0,0
24,8,41549.79,8,3,1008,14042,13972,38,14,0,0,0,0,3,180,1,39
24,7,5912.97,7,3,1008,14042,13972,38,14,0,0,0,0,1,73,1,22
24,6,7660,6,3,1008,14042,13972,38,14,0,0,0,0,0,0,0,0
24,5,3885.12,5,3,1008,14042,13972,38,14,0,0,0,0,1,82,1,19
24,4,7803.43,4,3,1008,14042,13972,38,14,0,0,0,0,0,0,0,0
24,3,14001.58,3,3,1008,14042,13972,38,14,0,0,0,0,0,0,0,0
24,2,9263,2,3,1008,14042,13972,38,14,35,106,0,350,1,261,7,74
24,1,5925.03,1,3,1008,14042,13972,38,14,17,80,0,216,0,0,0,0
972,12,19295.6,7,1,3255,6428,6451,147,54,0,0,0,0,23,587,219,68
972,11,13277.74,6,1,3255,6428,6451,147,54,0,0,0,0,48,397,35,42
972,10,6824.48,5,1,3255,6428,6451,147,54,0,0,0,0,13,132,11,19
972,9,4312.81,4,1,3255,6428,6451,147,54,0,0,0,0,53,302,52,62
972,8,10474.92,3,1,3255,6428,6451,147,54,9,10,0,7,21,161,18,27
972,7,215.08,2,1,3255,6428,6451,147,54,5,21,0,28,14,53,12,6
972,6,38.13,1,1,3255,6428,6451,147,54,4,35,0,8,9,107,12,18
2575,12,11914.36,3,1,733,6959,6979,32,49,0,0,0,0,0,0,0,0
2575,11,5643.38,2,1,733,6959,6979,32,49,0,0,0,0,15,63,10,10
2575,10,11146.3,1,1,733,6959,6979,32,49,0,0,0,0,8,336,34,120
2235,12,14652.46,4,2,1518,5229,5238,24,79,0,0,0,0,4,148,23,59
2235,11,8596.39,3,2,1518,5229,5238,24,79,0,0,0,0,1,3,0,0
2235,10,486.01,2,2,1518,5229,5238,24,79,0,26,2,8,7,11,1,2
2235,9,2722.85,1,2,1518,5229,5238,24,79,0,0,0,0,5,191,9,56
3059,12,40062.89,3,5,3397,2822,2837,148,24,0,0,0,0,13,1056,46,199
3059,11,5961.36,2,5,3397,2822,2837,148,24,1,0,0,0,8,231,14,64
3059,10,364.05,1,5,3397,2822,2837,148,24,0,0,0,0,1,31,2,10
329,12,16276.72,12,1,556,9555,9603,45,58,0,0,0,0,26,537,21,107
329,11,25707.03,11,1,556,9555,9603,45,58,0,0,0,0,12,96,4,17
329,10,4268.41,10,1,556,9555,9603,45,58,0,0,0,0,14,212,16,47
329,9,8337.15,9,1,556,9555,9603,45,58,0,0,0,0,23,317,12,87
329,8,5118.79,8,1,556,9555,9603,45,58,0,0,0,0,13,95,1,29
329,7,11431.8,7,1,556,9555,9603,45,58,0,0,0,0,12,81,6,24
329,6,1584.51,6,1,556,9555,9603,45,58,0,0,0,0,17,128,3,34
329,5,618.41,5,1,556,9555,9603,45,58,0,0,0,0,23,309,9,97
329,4,3392.7,4,1,556,9555,9603,45,58,0,0,0,0,30,309,19,47
329,3,448,3,1,556,9555,9603,45,58,0,0,0,0,11,538,173,93
329,2,677,2,1,556,9555,9603,45,58,0,0,0,0,26,374,12,120
329,1,474.3,1,1,556,9555,9603,45,58,0,0,0,0,5,21,0,6
2229,12,11486.32,4,4,1295,4432,4446,67,5,0,0,0,0,12,109,8,24
2229,11,54.74,3,4,1295,4432,4446,67,5,35,69,0,5,22,359,41,126
2229,10,1888.47,2,4,1295,4432,4446,67,5,7,85,0,6,12,152,14,58
2229,9,157.45,1,4,1295,4432,4446,67,5,1,271,0,24,13,854924,34341,106167
3595,12,11789.74,2,4,440,9555,9603,45,58,12,0,0,0,30,847,22,174
3595,11,152.9,1,4,440,9555,9603,45,58,9,0,1,24,2,89,2,26
2851,12,13659.2,3,1,475,9970,9946,120,39,240,19,1,16,30,475,86,71
2851,11,3976.87,2,1,475,9970,9946,120,39,298,34,4,63,86,7468,468,712
2851,10,8687.53,1,1,475,9970,9946,120,39,141,40,10,119,104,2416,196,446
137,12,28571.18,10,5,3196,9291,9275,43,2,0,0,0,0,21,221,30,46
137,11,14292.11,9,5,3196,9291,9275,43,2,0,0,0,0,7,344,25,49
137,10,12775.52,8,5,3196,9291,9275,43,2,0,0,0,0,18,316,8,87
137,9,16552.08,7,5,3196,9291,9275,43,2,0,0,0,0,23,345,30,91
137,8,49679.86,6,5,3196,9291,9275,43,2,0,0,0,0,24,1779,114,229
137,7,4128.78,5,5,3196,9291,9275,43,2,0,0,0,0,19,261,34,82
137,6,546.69,4,5,3196,9291,9275,43,2,0,0,0,0,5,284,9,84
137,5,242.1,3,5,3196,9291,9275,43,2,28,267,5,211,4,135,4,29
137,4,1500.85,2,5,3196,9291,9275,43,2,45,564,20,346,1,30,0,9
137,3,1794.43,1,5,3196,9291,9275,43,2,74,597,11,409,5,23,2,13
258,12,13546.58,9,6,1498,9833,9804,4,28,0,0,0,0,0,0,0,0
258,11,16163.71,8,6,1498,9833,9804,4,28,0,0,0,0,4,42,1,6
258,10,21399.41,7,6,1498,9833,9804,4,28,0,0,0,0,6,56,2,9
258,9,17426.85,6,6,1498,9833,9804,4,28,0,0,0,0,1,1,0,0
258,8,25324.44,5,6,1498,9833,9804,4,28,0,0,0,0,10,215,15,42
258,7,707.61,4,6,1498,9833,9804,4,28,0,0,0,0,4,18,2,5
258,6,392.09,3,6,1498,9833,9804,4,28,0,0,0,0,0,0,0,0
258,5,131.15,2,6,1498,9833,9804,4,28,0,0,0,0,0,0,0,0
258,4,108,1,6,1498,9833,9804,4,28,0,0,0,0,0,0,0,0
2743,12,6772.63,3,3,5921,7669,7680,241,46,2,9,0,0,0,0,0,0
2743,11,102.27,2,3,5921,7669,7680,241,46,3,21,0,0,11,42,8,11
2743,10,393.63,1,3,5921,7669,7680,241,46,5,27,0,0,35,98,34,16
4144,12,7096.67,1,1,1936,,,98,,1,14,2,0,13,68,0,43
143,12,10352,10,,,,,,,0,0,0,0,18,554,54,96
143,11,13435.24,9,,,,,,,0,0,0,0,5,88,5,22
143,10,36811.26,8,,,,,,,0,0,0,0,7,95,8,16
143,9,22956.82,7,,,,,,,0,0,0,0,3,6,1,0
143,8,30035.01,6,,,,,,,0,0,0,0,32,509,75,90
143,7,27268.04,5,,,,,,,0,0,0,0,20,209,44,60
143,6,7726.95,4,,,,,,,0,0,0,0,56,466,23,158
143,5,3932.46,3,,,,,,,0,37,0,0,20,119,13,47
143,4,11316.93,2,,,,,,,5,74,0,4,40,389,12,85
143,3,196.81,1,,,,,,,3,158,2,3,20,493,25,155
1110,12,5945.5,6,3,5158,9549,9571,74,52,0,0,0,0,30,470,60,155
1110,11,13100.36,5,3,5158,9549,9571,74,52,0,0,0,0,11,132,5,40
1110,10,14471.23,4,3,5158,9549,9571,74,52,0,0,0,0,47,1624,225,424
1110,9,4831.43,3,3,5158,9549,9571,74,52,2,2,0,0,43,4297,4831,2070
1110,8,1419.87,2,3,5158,9549,9571,74,52,1,13,2,0,42,295,31,96
1110,7,4184.19,1,3,5158,9549,9571,74,52,0,35,0,0,46,5363,298,4794
3522,12,5218.02,2,1,6637,6081,6092,194,0,3,0,0,19,3,4,0,6
3522,11,76.48,1,1,6637,6081,6092,194,0,0,3,0,2,7,105,4,29
599,12,7589.01,9,3,3305,9021,9029,59,7,0,0,0,0,14,278,21,49
599,11,15969.68,8,3,3305,9021,9029,59,7,0,0,0,0,0,0,0,0
599,10,30264.51,7,3,3305,9021,9029,59,7,0,0,0,0,6,133,5,36
599,9,215.33,6,3,3305,9021,9029,59,7,0,0,0,0,0,0,0,0
599,8,144,5,3,3305,9021,9029,59,7,0,0,0,0,0,0,0,0
599,7,1131.34,4,3,3305,9021,9029,59,7,0,0,0,0,0,0,0,0
599,6,0.2,3,3,3305,9021,9029,59,7,0,0,0,0,0,0,0,0
599,5,6.22,2,3,3305,9021,9029,59,7,1,0,0,0,0,0,0,0
599,4,111,1,3,3305,9021,9029,59,7,5,0,0,1,0,0,0,0
3414,12,10307.43,2,7,2435,2271,2277,65,5,92,0,0,20,44,42,30,5
3414,11,571.46,1,7,2435,2271,2277,65,5,132,0,6,39,4,12,0,5
1561,12,8212.04,5,7,295,8339,8342,29,43,0,0,0,0,0,0,0,0
1561,11,10887.38,4,7,295,8339,8342,29,43,0,0,0,0,1,25,0,11
1561,10,22411.62,3,7,295,8339,8342,29,43,0,0,0,0,3,28,2,7
1561,9,6292.83,2,7,295,8339,8342,29,43,0,0,0,0,1,46,0,23
1561,8,19121.42,1,7,295,8339,8342,29,43,0,0,0,0,10,272,9,43
899,12,4925.79,6,,,,,,,0,0,0,0,18,576,25,120
899,10,452.54,5,,,,,,,0,0,0,0,0,0,0,0
899,9,350.4,4,,,,,,,0,0,0,0,0,0,0,0
899,8,503.46,3,,,,,,,0,0,0,0,0,0,0,0
899,7,688.2,2,,,,,,,0,0,0,0,0,0,0,0
899,6,486,1,,,,,,,0,0,0,0,0,0,0,0
1805,12,4266.18,4,1,2698,4203,4215,115,66,0,0,0,0,6,65,8,20
1805,10,182.11,3,1,2698,4203,4215,115,66,0,0,0,0,7,78,6,15
1805,9,1227.11,2,1,2698,4203,4215,115,66,0,296,0,0,51,835,135,222
1805,8,2310.76,1,1,2698,4203,4215,115,66,0,197,0,0,37,503,47,115
2239,12,6739.99,4,1,965,1398,1412,0,27,0,0,0,0,108,5180,262,612
2239,11,1938.46,3,1,965,1398,1412,0,27,0,0,0,0,110,1828,228,306
2239,10,2113.57,2,1,965,1398,1412,0,27,1,0,0,0,0,0,0,0
2239,9,366.74,1,1,965,1398,1412,0,27,1,0,0,0,0,0,0,0
4287,12,6393.35,1,4,2410,2778,2814,248,83,4,0,0,0,54,407,80,97
2841,12,4185.07,3,6,3661,7833,7823,319,0,0,23,0,10,13,548,239,181
2841,11,395.21,2,6,3661,7833,7823,319,0,0,11,0,0,5,3189,878,2892
2841,10,4771.3,1,6,3661,7833,7823,319,0,0,14,0,4,6,189,3,15
331,12,5259.99,7,6,3236,8375,8326,61,28,0,0,0,0,26,253,49,101
331,10,16056.08,6,6,3236,8375,8326,61,28,0,0,0,0,15,119,9,21
331,9,20076.76,5,6,3236,8375,8326,61,28,0,0,0,0,18,372,36,59
331,8,45440.02,4,6,3236,8375,8326,61,28,0,0,0,0,16,370,31,66
331,6,44.09,3,6,3236,8375,8326,61,28,1,116,1,13,4,17,4,3
331,5,14.44,2,6,3236,8375,8326,61,28,4,12,0,0,1,2,1,0
331,4,115,1,6,3236,8375,8326,61,28,0,44,0,1,3,25,1,7
3224,12,4757.27,2,1,1401,5537,5558,211,3,12,29,0,12,58,2827,811,724
3224,11,38754.7,1,1,1401,5537,5558,211,3,12,48,2,9,58,428,140,79
3600,12,3377.08,2,6,1016,,,302,,4,14,0,0,16,210,22,52
3600,11,1909.18,1,6,1016,,,302,,0,0,0,0,11,30,10,4
4276,12,4455.87,1,,,,,,,39,24,0,9,30,4122,179,626
2979,12,19415.69,3,1,1353,994,1011,252,4,0,13,0,0,3,9,0,1
2979,11,187.96,2,1,1353,994,1011,252,4,0,14,0,0,0,0,0,0
2979,10,37.28,1,1,1353,994,1011,252,4,0,22,0,0,0,0,0,0
4232,12,5683.46,1,2,4011,,,0,,1,2,0,0,1,3,0,1
539,12,4285.45,8,2,4299,12416,12232,30,375,0,0,0,0,52,376,23,109
539,11,10840.58,7,2,4299,12416,12232,30,375,0,0,0,0,54,1142,149,414
539,10,11302.24,6,2,4299,12416,12232,30,375,0,0,0,0,51,382,29,109
539,9,14945.7,5,2,4299,12416,12232,30,375,0,0,0,0,41,548,29,205
539,8,23866.08,4,2,4299,12416,12232,30,375,0,0,0,0,12,133,3,38
539,7,5881.68,3,2,4299,12416,12232,30,375,5,3,6,90,38,585,39,138
539,6,3207.17,2,2,4299,12416,12232,30,375,1,0,0,1,16,171,10,73
539,5,7445.4,1,2,4299,12416,12232,30,375,2,0,1,17,27,300,26,104
3364,12,6377.8,2,3,2395,2776,2785,92,65,32,22,4,28,2,17,2,5
3364,11,7552.35,1,3,2395,2776,2785,92,65,34,57,4,95,7,87,15,26
213,12,3599.83,9,2,1901,1853,1844,389,69,0,0,0,0,34,198,5,95
213,11,1933.23,8,2,1901,1853,1844,389,69,0,0,0,0,20,342,10,109
213,10,550.23,7,2,1901,1853,1844,389,69,0,0,0,0,18,147,15,63
213,9,2754.88,6,2,1901,1853,1844,389,69,0,0,0,0,51,457,38,197
213,8,278.78,5,2,1901,1853,1844,389,69,0,0,0,0,5,51,5,7
213,7,147.79,4,2,1901,1853,1844,389,69,0,0,0,0,5,35,1,11
213,6,813.91,3,2,1901,1853,1844,389,69,5,190,1,26,16,67,6,10
213,5,1955.26,2,2,1901,1853,1844,389,69,3,106,0,19,17,89,4,18
213,4,911.71,1,2,1901,1853,1844,389,69,0,24,0,4,45,270,43,47
384,12,4573.34,8,2,1911,7356,7383,57,35,0,0,0,0,41,3315,438,596
384,11,10140.02,7,2,1911,7356,7383,57,35,0,0,0,0,25,532,36,68
384,10,23660.39,6,2,1911,7356,7383,57,35,0,0,0,0,32,2562,227,494
384,9,8438.67,5,2,1911,7356,7383,57,35,0,0,0,0,23,933,86,172
384,8,9821.62,4,2,1911,7356,7383,57,35,0,0,0,0,50,572,78,98
384,7,9035.75,3,2,1911,7356,7383,57,35,0,0,0,0,47,244,25,54
384,6,1357.74,2,2,1911,7356,7383,57,35,0,0,0,0,44,505,41,122
384,5,588.03,1,2,1911,7356,7383,57,35,0,0,0,0,17,100,6,41
1855,12,2704.98,4,4,2365,1430,1438,141,11,0,0,0,0,11,49,4,19
1855,11,1333.21,3,4,2365,1430,1438,141,11,3,0,8,28,12,38,11,16
1855,10,1691.53,2,4,2365,1430,1438,141,11,2,0,2,0,3,4,0,0
1855,9,369.62,1,4,2365,1430,1438,141,11,4,0,3,15,2,0,0,0
373,12,2374.61,9,4,2733,7742,7743,0,0,0,0,0,0,35,880,42,156
373,11,59980.35,8,4,2733,7742,7743,0,0,0,0,0,0,16,360,14,73
373,10,1123.98,7,4,2733,7742,7743,0,0,0,0,0,0,20,290,10,40
373,9,1624.14,6,4,2733,7742,7743,0,0,0,0,0,0,10,255,11,77
373,8,219.53,5,4,2733,7742,7743,0,0,0,0,0,0,24,104,19,29
373,7,149.94,4,4,2733,7742,7743,0,0,0,0,0,0,18,365,10,63
373,6,54.76,3,4,2733,7742,7743,0,0,3,8,1,7,10,68,5,29
373,5,104.79,2,4,2733,7742,7743,0,0,2,17,1,4,19,214,8,63
373,4,126.5,1,4,2733,7742,7743,0,0,16,305,0,19,14,203,7,64
403,12,2457.11,6,4,6934,1250,1263,330,37,0,0,0,0,0,0,0,0
403,11,11.19,5,4,6934,1250,1263,330,37,0,0,0,0,0,0,0,0
403,10,387.79,4,4,6934,1250,1263,330,37,0,0,0,0,0,0,0,0
403,8,1.51,3,4,6934,1250,1263,330,37,0,0,0,0,0,0,0,0
403,7,8.33,2,4,6934,1250,1263,330,37,0,0,0,0,0,0,0,0
403,6,396.18,1,4,6934,1250,1263,330,37,0,0,0,0,0,0,0,0
3501,12,2178,2,2,463,,,171,,0,0,0,0,0,0,0,0
3501,11,2342.64,1,2,463,,,171,,0,0,0,0,1,2,1,0
795,12,4638.8,7,9,2424,12416,12232,30,375,0,0,0,0,32,2358,561,412
795,11,3264.36,6,9,2424,12416,12232,30,375,0,0,0,0,21,962,138,354
795,10,8178.28,5,9,2424,12416,12232,30,375,0,0,0,0,16,233,7,52
795,9,4175.91,4,9,2424,12416,12232,30,375,0,0,0,0,15,336,13,149
795,8,5898.42,3,9,2424,12416,12232,30,375,0,0,0,0,12,118,3,29
795,7,2199.63,2,9,2424,12416,12232,30,375,0,0,0,0,6,24,3,5
795,6,5750.68,1,9,2424,12416,12232,30,375,0,0,0,0,1,2,0,0
4213,12,3411.88,1,1,2968,1576,1575,119,13,0,167,0,0,11,64,7,8
184,12,4055.9,9,3,3817,4648,4665,114,156,0,0,0,0,21,279,37,45
184,11,3417.97,8,3,3817,4648,4665,114,156,0,0,0,0,12,1673,5815,232
184,10,25987.94,7,3,3817,4648,4665,114,156,0,0,0,0,50,353,43,27
184,9,671.21,6,3,3817,4648,4665,114,156,0,0,0,0,23,28213,348,13857
184,8,1117.94,5,3,3817,4648,4665,114,156,0,0,0,0,30,250,27,37
184,7,3051.96,4,3,3817,4648,4665,114,156,0,0,0,0,34,150,32,21
184,6,952.05,3,3,3817,4648,4665,114,156,0,4,1,5,47,120,29,10
184,5,392.67,2,3,3817,4648,4665,114,156,1,3,0,0,29,109,9,21
184,4,3418.31,1,3,3817,4648,4665,114,156,3,15,0,0,38,285,39,39
37,12,1786.61,11,5,2515,14536,14564,7,0,0,0,0,0,24,1419,107,278
37,11,30410.69,10,5,2515,14536,14564,7,0,0,0,0,0,27,2932,171,901
37,10,28.84,9,5,2515,14536,14564,7,0,0,0,0,0,27,471,31,72
37,9,332.73,8,5,2515,14536,14564,7,0,0,0,0,0,43,1398,62,312
37,8,872.03,7,5,2515,14536,14564,7,0,0,0,0,0,9,149,7,25
37,7,465.48,6,5,2515,14536,14564,7,0,0,0,0,0,1,0,0,0
37,6,11.84,5,5,2515,14536,14564,7,0,0,0,0,0,4,3,2,0
37,4,357,4,5,2515,14536,14564,7,0,0,0,0,0,0,0,0,0
37,3,1126.97,3,5,2515,14536,14564,7,0,0,0,0,0,13,186,4,56
37,2,2467.28,2,5,2515,14536,14564,7,0,0,0,0,0,5,33,0,5
37,1,2309.02,1,5,2515,14536,14564,7,0,0,0,0,0,21,94,9,19
259,12,3899.78,7,1,2723,1160,1171,220,39,0,0,0,0,42,3921,574,1070
259,11,1508.51,6,1,2723,1160,1171,220,39,0,0,0,0,45,13893,2128,3207
259,10,1969.38,5,1,2723,1160,1171,220,39,0,0,0,0,54,3996,117,329
259,9,318.33,4,1,2723,1160,1171,220,39,0,0,0,0,49,171687,4529,18765
259,8,409.57,3,1,2723,1160,1171,220,39,0,0,0,0,41,142,24,16
259,6,2.1,2,1,2723,1160,1171,220,39,10,2,0,7,52,284,40,59
259,4,562.48,1,1,2723,1160,1171,220,39,4,94,0,12,40,654,239,60
2112,12,2699.81,4,3,2173,924,929,171,46,0,0,0,0,3,25,4,8
2112,11,2901.61,3,3,2173,924,929,171,46,5,0,0,0,21,136,10,35
2112,10,23188.8,2,3,2173,924,929,171,46,0,0,0,0,8,20,4,5
2112,9,5021.58,1,3,2173,924,929,171,46,3,12,0,6,4,5,2,0
3457,12,2990.42,2,1,1260,924,929,171,46,1,4,0,0,33,355,43,49
3457,11,2068.3,1,1,1260,924,929,171,46,0,0,0,0,16,46,5,7
2631,12,1606.78,3,2,446,2776,2787,232,85,13,3,3,18,2,5,1,2
2631,11,6205.96,2,2,446,2776,2787,232,85,9,5,1,21,2,12,0,7
2631,10,211.03,1,2,446,2776,2787,232,85,10,3,1,14,1,1,0,1
1155,12,1858.58,6,5,9054,,,183,,0,0,0,0,27,389,16,82
1155,11,679.76,5,5,9054,,,183,,0,0,0,0,49,1017,155,362
1155,10,2094.22,4,5,9054,,,183,,0,0,0,0,22,130,5,49
1155,9,4185.51,3,5,9054,,,183,,3,112,2,213,27,100,13,50
1155,8,6441.79,2,5,9054,,,183,,3,29,1,49,10,105,2,30
1155,7,907.3,1,5,9054,,,183,,0,34,0,0,0,0,0,0
139,12,1368.92,10,1,2867,4297,4319,201,89,0,0,0,0,46,4985,6855,1088
139,11,8490.1,9,1,2867,4297,4319,201,89,0,0,0,0,44,1666,258,439
139,10,8335.31,8,1,2867,4297,4319,201,89,0,0,0,0,49,3938,554,631
139,9,1976.71,7,1,2867,4297,4319,201,89,0,0,0,0,51,10857,902,2298
139,8,1344.29,6,1,2867,4297,4319,201,89,0,0,0,0,57,3011,290,399
139,7,2390.41,5,1,2867,4297,4319,201,89,0,0,0,0,58,1713,222,473
139,6,482.19,4,1,2867,4297,4319,201,89,0,0,0,0,62,1605,127,262
139,5,359.79,3,1,2867,4297,4319,201,89,0,16,0,4,58,411,82,71
139,4,872.04,2,1,2867,4297,4319,201,89,1,15,0,7,59,840,58,177
139,3,2232.78,1,1,2867,4297,4319,201,89,1,121,0,24,51,753,73,140
3525,12,1962.01,2,1,115,2266,2286,0,21,1,2,0,0,5,31,11,17
3525,11,9862.33,1,1,115,2266,2286,0,21,11,0,0,1,0,0,0,0
2271,12,2017.27,4,1,1209,2357,2373,110,0,0,0,0,0,4,20,2,0
2271,11,3082.96,3,1,1209,2357,2373,110,0,0,88,0,0,4,11,1,1
2271,10,2738.1,2,1,1209,2357,2373,110,0,4,76,0,0,7,14,0,5
2271,9,330.66,1,1,1209,2357,2373,110,0,7,25,0,1,3,2,0,1
2758,12,1512.25,3,,,,,,,1,17,0,0,3,0,1,0
2758,11,376.48,2,,,,,,,0,31,0,3,4,5,0,3
2758,10,8746.13,1,,,,,,,4,28,0,2,11,7,0,2
2788,12,951.11,3,3,144,2639,2636,0,21,0,0,0,0,49,3028,1822,358
2788,11,3236.1,2,3,144,2639,2636,0,21,0,0,0,0,50,913,133,201
2788,10,3479.25,1,3,144,2639,2636,0,21,0,0,0,0,38,1325,89,384
1669,12,747.08,5,2,1845,6978,6999,249,0,0,0,0,0,6,283,36,105
1669,11,15946,4,2,1845,6978,6999,249,0,0,0,0,0,8,266,38,97
1669,10,15276.67,3,2,1845,6978,6999,249,0,0,0,0,0,10,52,4,13
1669,9,4314.43,2,2,1845,6978,6999,249,0,7,35,3,49,13,277,7,92
1669,8,1750.44,1,2,1845,6978,6999,249,0,1,25,0,8,7,209,6,68
1599,12,760.25,2,3,1918,875,905,0,4,0,0,0,0,13,3685,121,516
1599,11,6642.28,1,3,1918,875,905,0,4,0,0,0,0,0,0,0,0
1211,12,1685.34,6,1,3402,,,0,,0,0,0,0,52,1549,103,121
1211,11,714.3,5,1,3402,,,0,,0,0,0,0,55,394,63,55
1211,10,1567.29,4,1,3402,,,0,,0,0,0,0,22,123,13,2
1211,9,1366.9,3,1,3402,,,0,,0,41,0,0,40,905,80,203
1211,8,4961.22,2,1,3402,,,0,,1,139,0,0,57,1681,135,219
1211,7,10022.51,1,1,3402,,,0,,0,213,0,0,58,2887,215,522
3150,12,754.33,2,1,4018,736,740,167,26,132,1,0,0,47,478,39,96
3150,11,1729.69,1,1,4018,736,740,167,26,88,1,0,0,48,459,34,93
1534,12,1013.01,5,3,210,903,918,0,57,0,0,0,0,0,0,0,0
1534,11,177.03,4,3,210,903,918,0,57,0,0,0,0,1,9,0,3
1534,10,2594.33,3,3,210,903,918,0,57,0,0,0,0,1,5,0,1
1534,9,1569.61,2,3,210,903,918,0,57,3,1,0,33,7,12,0,4
1534,8,3950.14,1,3,210,903,918,0,57,6,6,0,8,10,23,2,7
468,12,452.56,6,2,1775,1672,1672,526,20,0,0,0,0,0,0,0,0
468,11,61527.14,5,2,1775,1672,1672,526,20,0,0,0,0,9,3077,78,800
468,10,618.52,4,2,1775,1672,1672,526,20,0,0,0,0,0,0,0,0
468,9,7778.1,3,2,1775,1672,1672,526,20,0,0,0,0,0,0,0,0
468,8,14067.93,2,2,1775,1672,1672,526,20,1,35,0,0,30,75,22,9
468,6,1.66,1,2,1775,1672,1672,526,20,0,0,0,0,51,843,54,237
1870,12,2012.74,4,6,2238,297,306,162,16,0,0,0,0,0,0,0,0
1870,11,159.43,3,6,2238,297,306,162,16,11,6,6,4,0,0,0,0
1870,10,29.11,2,6,2238,297,306,162,16,1,0,2,2,0,0,0,0
1870,9,904.16,1,6,2238,297,306,162,16,1,0,2,2,0,0,0,0
2281,12,324.98,4,1,260,6841,6861,0,40,0,0,0,0,14,415,53,9
2281,11,27265.61,3,1,260,6841,6861,0,40,0,0,0,0,50,409,101,42
2281,10,419.84,2,1,260,6841,6861,0,40,0,0,0,0,34,996,54,111
2281,9,7538.58,1,1,260,6841,6861,0,40,0,0,0,0,52,2126,1342,251
1657,12,1734.98,5,1,1073,1108,1083,0,125,0,0,0,0,54,2983,228,489
1657,11,4139.58,4,1,1073,1108,1083,0,125,0,0,0,0,20,969,66,153
1657,10,1568.46,3,1,1073,1108,1083,0,125,0,0,0,0,36,1905,257,185
1657,9,2377.17,2,1,1073,1108,1083,0,125,65,61,1,12,48,2587,121,334
1657,8,22018.07,1,1,1073,1108,1083,0,125,32,43,2,7,52,1285,1732,147
2265,12,757.12,4,3,687,2068,2071,539,6,0,0,0,0,14,31,10,3
2265,11,505.98,3,3,687,2068,2071,539,6,0,78,1,53,7,88,6,22
2265,10,11554.62,2,3,687,2068,2071,539,6,0,48,1,1,0,0,0,0
2265,9,1285.98,1,3,687,2068,2071,539,6,0,6,0,0,0,0,0,0
1102,12,477.84,4,2,2499,2853,2859,96,159,0,0,0,0,5,35,4,2
1102,11,158.38,3,2,2499,2853,2859,96,159,0,0,0,0,1,1,0,0
1102,10,2714.58,2,2,2499,2853,2859,96,159,0,0,0,0,3,4,2,0
1102,7,6.78,1,2,2499,2853,2859,96,159,0,85,0,0,0,0,0,0
1988,12,1448.07,4,1,989,314,328,0,18,0,0,0,0,1,5,2,3
1988,11,44.43,3,1,989,314,328,0,18,0,6,0,0,1,3,0,1
1988,10,38.85,2,1,989,314,328,0,18,0,0,0,0,0,0,0,0
1988,9,2023.73,1,1,989,314,328,0,18,0,0,0,0,8,30,3,6
562,12,421.03,7,1,9757,757,747,172,204,0,0,0,0,11,22,6,11
562,11,849.43,6,1,9757,757,747,172,204,0,0,0,0,8,36,0,31
562,10,1264.54,5,1,9757,757,747,172,204,0,0,0,0,17,218,78,43
562,9,1604.52,4,1,9757,757,747,172,204,0,0,0,0,13,136,8,54
562,8,584.12,3,1,9757,757,747,172,204,0,0,0,0,22,117,7,27
562,6,12.32,2,1,9757,757,747,172,204,0,0,0,0,3,22,2,13
562,5,15.13,1,1,9757,757,747,172,204,0,18,0,0,21,58,16,28
308,12,254.59,9,3,3327,562,553,0,58,0,0,0,0,0,0,0,0
308,11,715.85,8,3,3327,562,553,0,58,0,0,0,0,0,0,0,0
308,10,170.99,7,3,3327,562,553,0,58,0,0,0,0,0,0,0,0
308,9,1147.6,6,3,3327,562,553,0,58,0,0,0,0,0,0,0,0
308,8,6601.62,5,3,3327,562,553,0,58,0,0,0,0,5,52,6,13
308,7,4181.83,4,3,3327,562,553,0,58,0,0,0,0,10,126,3,42
308,6,1057.35,3,3,3327,562,553,0,58,7,168,0,25,5,39,1,19
308,5,1490.37,2,3,3327,562,553,0,58,4,60,0,0,0,0,0,0
308,4,2006.45,1,3,3327,562,553,0,58,7,0,0,0,4,116,2,31
65,12,228.06,11,,,,,,,0,0,0,0,0,0,0,0
65,11,297.29,10,,,,,,,0,0,0,0,0,0,0,0
65,10,2738.11,9,,,,,,,0,0,0,0,0,0,0,0
65,9,2184.22,8,,,,,,,0,0,0,0,0,0,0,0
65,8,310.1,7,,,,,,,0,0,0,0,0,0,0,0
65,7,1377.63,6,,,,,,,0,0,0,0,0,0,0,0
65,6,0.04,5,,,,,,,0,0,0,0,0,0,0,0
65,5,58.52,4,,,,,,,0,0,0,0,0,0,0,0
65,4,302,3,,,,,,,0,0,0,0,0,0,0,0
65,3,1410.81,2,,,,,,,12,18,0,65,0,0,0,0
65,2,337,1,,,,,,,22,1,0,46,0,0,0,0
888,12,369.37,7,1,440,2872,2867,0,8,0,0,0,0,0,0,0,0
888,11,37998.39,6,1,440,2872,2867,0,8,0,0,0,0,0,0,0,0
888,10,313.21,5,1,440,2872,2867,0,8,0,0,0,0,1,0,0,0
888,9,528.98,4,1,440,2872,2867,0,8,0,0,0,0,1,2,0,0
888,8,165.63,3,1,440,2872,2867,0,8,31,29,6,42,0,0,0,0
888,7,814.19,2,1,440,2872,2867,0,8,19,39,3,9,2,5,2,0
888,6,148.19,1,1,440,2872,2867,0,8,5,43,2,25,4,10,0,5
3443,12,96.88,2,,,,,,,0,0,0,0,0,0,0,0
3443,11,3861.68,1,,,,,,,0,3,0,0,0,0,0,0
1625,12,728.79,5,2,2153,1074,1079,0,0,0,0,0,0,0,0,0,0
1625,11,22.55,4,2,2153,1074,1079,0,0,0,0,0,0,0,0,0,0
1625,10,357.69,3,2,2153,1074,1079,0,0,0,0,0,0,0,0,0,0
1625,9,2933.97,2,2,2153,1074,1079,0,0,1,38,0,1,0,0,0,0
1625,8,4291.73,1,2,2153,1074,1079,0,0,0,0,0,0,0,0,0,0
3496,12,543.07,2,,,,,,,1,0,0,1,0,0,0,0
3496,11,2409.76,1,,,,,,,1,1,0,5,0,0,0,0
1090,12,162.96,3,1,1071,6063,6063,135,26,0,0,0,0,0,0,0,0
1090,10,12895.41,2,1,1071,6063,6063,135,26,0,27,0,0,0,0,0,0
1090,9,3209.12,1,1,1071,6063,6063,135,26,0,0,0,0,0,0,0,0
2316,12,383.03,4,2,3303,18551,18572,75,36,0,0,0,0,1,152,53,136
2316,11,30.67,3,2,3303,18551,18572,75,36,1,0,0,0,24,7137,715,923
2316,10,2676.06,2,2,3303,18551,18572,75,36,1,0,0,0,2,292,33,108
2316,9,68.39,1,2,3303,18551,18572,75,36,7,7,0,0,0,0,0,0
231,12,271.3,9,2,914,1450,1423,515,68,0,0,0,0,6,35,0,22
231,11,1190.63,8,2,914,1450,1423,515,68,0,0,0,0,1,2,0,0
231,10,4390.82,7,2,914,1450,1423,515,68,0,0,0,0,6,61,3,23
231,9,301.49,6,2,914,1450,1423,515,68,0,0,0,0,1,3,0,0
231,8,1930.64,5,2,914,1450,1423,515,68,0,0,0,0,13,50,8,11
231,7,1060.2,4,2,914,1450,1423,515,68,0,0,0,0,17,39,10,37
231,6,183.14,3,2,914,1450,1423,515,68,0,0,0,0,0,0,0,0
231,5,296.38,2,2,914,1450,1423,515,68,0,0,1,0,0,0,0,0
231,4,1248.42,1,2,914,1450,1423,515,68,0,30,0,0,0,0,0,0
274,12,79.32,10,2,1598,,,0,,0,0,0,0,0,0,0,0
274,11,5789.39,9,2,1598,,,0,,0,0,0,0,0,0,0,0
274,10,20.06,8,2,1598,,,0,,0,0,0,0,0,0,0,0
274,9,72.35,7,2,1598,,,0,,0,0,0,0,0,0,0,0
274,8,619.3,6,2,1598,,,0,,0,0,0,0,0,0,0,0
274,7,1290.68,5,2,1598,,,0,,0,0,0,0,23,672,78,111
274,6,848.58,4,2,1598,,,0,,0,0,0,0,25,353,31,68
274,5,266.22,3,2,1598,,,0,,0,1,1,0,29,151,13,18
274,4,1051.41,2,2,1598,,,0,,2,0,0,0,32,652,43,121
274,3,1040,1,2,1598,,,0,,0,0,0,0,10,275,45,30
358,12,85.95,9,3,4437,3158,3172,90,23,0,0,0,0,0,0,0,0
358,11,104.03,8,3,4437,3158,3172,90,23,0,0,0,0,0,0,0,0
358,10,10646.12,7,3,4437,3158,3172,90,23,0,0,0,0,4,7,1,3
358,9,2229.69,6,3,4437,3158,3172,90,23,0,0,0,0,0,0,0,0
358,8,3494.97,5,3,4437,3158,3172,90,23,0,0,0,0,0,0,0,0
358,7,674.59,4,3,4437,3158,3172,90,23,0,0,0,0,3,6,1,1
358,6,11.47,3,3,4437,3158,3172,90,23,1,0,1,0,0,0,0,0
358,5,0.23,2,3,4437,3158,3172,90,23,0,21,1,2,4,327,6,105
358,4,1054.95,1,3,4437,3158,3172,90,23,5,3,1,2,5,10,0,3
2918,12,424.76,3,1,2851,2626,2625,176,44,2,0,0,0,0,0,0,0
2918,11,7326.58,2,1,2851,2626,2625,176,44,8,20,0,3,0,0,0,0
2918,10,14187.02,1,1,2851,2626,2625,176,44,3,18,1,1,0,0,0,0
413,12,61.32,9,1,1312,919,920,0,66,0,0,0,0,2,7,1,0
413,11,47.9,8,1,1312,919,920,0,66,0,0,0,0,5,30,1,0
413,10,1147.56,7,1,1312,919,920,0,66,0,0,0,0,8,24,3,3
413,9,912.87,6,1,1312,919,920,0,66,0,0,0,0,18,34,10,2
413,8,126.67,5,1,1312,919,920,0,66,0,0,0,0,2,3,1,4
413,7,342.42,4,1,1312,919,920,0,66,0,0,0,0,47,71,19,16
413,6,1.46,3,1,1312,919,920,0,66,0,0,0,0,50,56,21,0
413,5,35.04,2,1,1312,919,920,0,66,0,0,0,0,7,25,3,7
413,4,50,1,1,1312,919,920,0,66,0,0,0,0,1,2,0,0
2455,12,101.6,3,1,398,1398,1412,0,27,0,1,0,4,108,5180,262,612
2455,11,34.22,2,1,398,1398,1412,0,27,0,0,0,0,110,1828,228,306
2455,10,2283.77,1,1,398,1398,1412,0,27,0,0,0,0,0,0,0,0
1141,12,64.71,6,1,1650,836,829,547,121,0,0,0,0,21,116,21,21
1141,11,283.32,5,1,1650,836,829,547,121,0,0,0,0,35,240,33,18
1141,10,942.23,4,1,1650,836,829,547,121,0,0,0,0,18,980,71,281
1141,9,1351.94,3,1,1650,836,829,547,121,0,0,0,0,17,172,10,46
1141,8,3409.53,2,1,1650,836,829,547,121,1,0,0,0,18,348,24,54
1141,7,927.58,1,1,1650,836,829,547,121,2,0,0,0,30,344,29,120
2074,12,28.61,4,3,1801,,,0,,0,0,0,0,1,3,0,2
2074,11,34.87,3,3,1801,,,0,,0,0,0,0,8,333,30,126
2074,10,660.84,2,3,1801,,,0,,0,1,1,0,0,0,0,0
2074,9,4012.48,1,3,1801,,,0,,0,12,0,0,54,75,4,26
1996,12,44.98,4,1,276,,,265,,0,0,0,0,54,4380,290,523
1996,11,96,3,1,276,,,265,,10,0,0,0,57,1078,131,138
1996,10,192.84,2,1,276,,,265,,3,0,1,1,56,1588,210,245
1996,9,16822.62,1,1,276,,,265,,20,0,0,0,51,651,73,25
2196,12,27.41,4,2,809,1018,1025,0,137,0,0,0,0,4,8,6,2
2196,11,100.49,3,2,809,1018,1025,0,137,0,0,0,0,2,12,0,0
2196,10,89.74,2,2,809,1018,1025,0,137,1,0,0,0,0,0,0,0
2196,9,5809.8,1,2,809,1018,1025,0,137,0,9,0,0,18,1502,76,198
634,12,33.79,6,6,1474,899,897,0,13,0,0,0,0,30,3359,1884,625
634,11,28.25,5,6,1474,899,897,0,13,0,0,0,0,17,629,18,119
634,10,847.45,4,6,1474,899,897,0,13,0,0,0,0,17,1669,93,1587
634,9,1294.49,3,6,1474,899,897,0,13,0,0,0,0,15,514,47,143
634,6,298.69,2,6,1474,899,897,0,13,1,186,6,44,2,3,1,1
634,5,2321.74,1,6,1474,899,897,0,13,7,163,5,73,9,22,0,4
516,12,39.01,7,8,3412,333,325,0,38,0,0,0,0,0,0,0,0
516,11,36.82,6,8,3412,333,325,0,38,0,0,0,0,0,0,0,0
516,10,406.85,5,8,3412,333,325,0,38,0,0,0,0,0,0,0,0
516,9,458.31,4,8,3412,333,325,0,38,0,0,0,0,1,1,0,0
516,7,24.5,3,8,3412,333,325,0,38,0,0,0,0,0,0,0,0
516,6,328.06,2,8,3412,333,325,0,38,0,0,0,0,4,7,1,1
516,5,2615.79,1,8,3412,333,325,0,38,2,43,6,29,8,75,6,46
2871,12,46.33,3,1,288,994,998,0,0,1,0,0,0,49,294,56,34
2871,11,1757.13,2,1,288,994,998,0,0,0,0,0,0,53,12181,495,4638
2871,10,4144.46,1,1,288,994,998,0,0,13,8,9,64,45,508,111,76
1175,12,18.55,6,1,818,1755,1761,0,70,0,0,0,0,0,0,0,0
1175,11,15.05,5,1,818,1755,1761,0,70,0,0,0,0,0,0,0,0
1175,10,803.88,4,1,818,1755,1761,0,70,0,0,0,0,0,0,0,0
1175,9,4917.63,3,1,818,1755,1761,0,70,0,0,0,0,0,0,0,0
1175,8,1695.88,2,1,818,1755,1761,0,70,0,0,0,0,0,0,0,0
1175,7,359.19,1,1,818,1755,1761,0,70,0,0,0,0,2,6,0,5
1511,12,36.16,3,1,708,,,289,,122,30,47,362,54,85910,4766,18169
1511,11,305.9,2,1,708,,,289,,73,2,25,397,26,4548,254,662
1511,10,3124.7,1,1,708,,,289,,29,2,34,358,16,88,29,18
2427,12,25.42,3,1,2370,,,0,,0,0,0,0,0,0,0,0
2427,11,63.06,2,1,2370,,,0,,0,0,0,0,4,32,6,8
2427,10,3295.66,1,1,2370,,,0,,0,0,0,0,0,0,0,0
36,12,16.01,8,2,389,9970,9946,120,39,0,0,0,0,1,16,5,3
36,11,241.19,7,2,389,9970,9946,120,39,0,0,0,0,3,59,3,15
36,10,7.8,6,2,389,9970,9946,120,39,0,0,0,0,0,0,0,0
36,7,33.15,5,2,389,9970,9946,120,39,0,0,0,0,0,0,0,0
36,6,13.47,4,2,389,9970,9946,120,39,0,0,0,0,3,114,3,17
36,3,2420,3,2,389,9970,9946,120,39,0,0,0,0,7,134,3,25
36,2,4379,2,2,389,9970,9946,120,39,16,20,7,10,46,702,58,99
36,1,4055.74,1,2,389,9970,9946,120,39,22,262,0,3,1,39,2,8
2119,12,4.22,4,2,2707,487,485,0,28,0,0,0,0,4,8,6,2
2119,11,43.06,3,2,2707,487,485,0,28,2,78,1,25,2,12,0,0
2119,10,1925.82,2,2,2707,487,485,0,28,0,44,1,1,0,0,0,0
2119,9,1707.45,1,2,2707,487,485,0,28,3,8,0,0,18,1502,76,198
233,12,3.97,5,2,1411,,,566,,0,0,0,0,0,0,0,0
233,11,125.06,4,2,1411,,,566,,0,0,0,0,0,0,0,0
233,6,4227.9,3,2,1411,,,566,,8,0,0,0,0,0,0,0
233,5,5163.51,2,2,1411,,,566,,3,3,2,3,0,0,0,0
233,4,1973.98,1,2,1411,,,566,,7,1,0,0,1,23,1,3
653,12,4.34,6,1,278,194,195,470,2,0,0,0,0,1,3,0,0
653,11,394.38,5,1,278,194,195,470,2,0,0,0,0,0,0,0,0
653,6,87.03,4,1,278,194,195,470,2,0,0,0,0,0,0,0,0
653,5,61.41,3,1,278,194,195,470,2,0,6,0,1,1,1,0,0
653,4,95.95,2,1,278,194,195,470,2,4,3,0,1,3,4,1,0
653,3,4472.11,1,1,278,194,195,470,2,7,2,0,9,0,0,0,0
290,12,4.34,3,2,763,,,0,,0,0,0,0,,,,
290,11,5368.69,2,2,763,,,0,,0,0,0,0,,,,
290,6,0,1,2,763,,,0,,0,0,0,0,,,,
22,12,0,7,2,532,,,0,,0,0,0,0,0,0,0,0
22,11,30.66,6,2,532,,,0,,0,0,0,0,0,0,0,0
22,10,6.87,5,2,532,,,0,,0,0,0,0,0,0,0,0
22,9,6.93,4,2,532,,,0,,0,0,0,0,0,0,0,0
22,6,69.93,3,2,532,,,0,,0,0,0,0,1,2,2,0
22,5,9.51,2,2,532,,,0,,124,84,16,176,0,0,0,0
22,3,10597.72,1,2,532,,,0,,437,493,35,176,0,0,0,0
256,12,9.5,5,1,1196,,,0,,0,0,0,0,,,,
256,11,3.2,4,1,1196,,,0,,0,0,0,0,,,,
256,6,2.56,3,1,1196,,,0,,0,0,0,0,,,,
256,5,20.9,2,1,1196,,,0,,1,0,0,0,,,,
256,4,3962.39,1,1,1196,,,0,,1,0,0,0,,,,
145,12,0.96,6,1,2172,3997,4010,85,93,0,0,0,0,51,582,98,85
145,11,84.48,5,1,2172,3997,4010,85,93,0,0,0,0,50,815,133,105
145,7,30.3,4,1,2172,3997,4010,85,93,0,0,0,0,52,438,65,44
145,6,1081.74,3,1,2172,3997,4010,85,93,4,0,0,0,54,591,70,92
145,5,6276.66,2,1,2172,3997,4010,85,93,1,15,2,1,51,468,27,29
145,4,1895.23,1,1,2172,3997,4010,85,93,0,10,0,0,47,195,24,52
2180,12,1,4,1,2798,965,963,0,0,0,0,0,0,0,0,0,0
2180,11,15.07,3,1,2798,965,963,0,0,0,0,0,0,0,0,0,0
2180,10,1090.37,2,1,2798,965,963,0,0,0,0,0,0,0,0,0,0
2180,9,1453.87,1,1,2798,965,963,0,0,0,0,0,0,1,1,0,1
1240,12,2,5,1,2758,,,0,,0,0,0,0,0,0,0,0
1240,10,124.45,4,1,2758,,,0,,0,0,0,0,0,0,0,0
1240,9,876.32,3,1,2758,,,0,,0,0,0,0,0,0,0,0
1240,8,2098.56,2,1,2758,,,0,,0,0,0,0,0,0,0,0
1240,7,1937.65,1,1,2758,,,0,,0,0,0,0,1,0,0,0
1375,12,0,3,3,1330,,,0,,0,0,0,0,3,1,1,0
1375,8,4774.35,2,3,1330,,,0,,1,38,0,9,41,47,38,18
1375,7,1089.67,1,3,1330,,,0,,1,68,0,133,2,2,0,3
519,12,0,7,5,789,283,259,0,145,0,0,0,0,0,0,0,0
519,11,86.71,6,5,789,283,259,0,145,0,0,0,0,0,0,0,0
519,7,1063.04,5,5,789,283,259,0,145,0,0,0,0,0,0,0,0
519,6,163.7,4,5,789,283,259,0,145,0,0,0,0,0,0,0,0
519,5,137.22,3,5,789,283,259,0,145,1,3,0,0,0,0,0,0
519,4,2008.17,2,5,789,283,259,0,145,7,35,4,8,0,0,0,0
519,3,13276.88,1,5,789,283,259,0,145,8,19,3,24,0,0,0,0
1005,12,6.06,6,1,567,259,261,0,81,0,0,0,0,5,66,11,2
1005,11,9.71,5,1,567,259,261,0,81,0,0,0,0,0,0,0,0
1005,10,11.16,4,1,567,259,261,0,81,0,0,0,0,6,738,31,146
1005,9,164.28,3,1,567,259,261,0,81,6,0,0,1,0,0,0,0
1005,8,359.82,2,1,567,259,261,0,81,4,0,0,0,1,2,0,0
1005,7,6807.28,1,1,567,259,261,0,81,12,2,0,0,11,902,129,172
1999,12,565.31,4,1,2768,1166,1175,0,0,0,0,0,0,16,14,10,0
1999,11,8.81,3,1,2768,1166,1175,0,0,0,0,0,0,0,0,0,0
1999,10,2199.28,2,1,2768,1166,1175,0,0,0,0,0,0,10,6,1,0
1999,9,978.43,1,1,2768,1166,1175,0,0,0,0,0,0,0,0,0,0
556,12,9.5,6,4,1547,,,0,,0,0,0,0,2,163,17,38
556,9,90.97,5,4,1547,,,0,,0,0,0,0,2,37,3,8
556,8,200.09,4,4,1547,,,0,,0,0,0,0,6,119,10,20
556,7,188.2,3,4,1547,,,0,,0,0,0,0,7,85,5,14
556,6,653.67,2,4,1547,,,0,,0,0,0,0,17,63,3,7
556,5,1687.6,1,4,1547,,,0,,0,0,0,0,43,253,29,51
1134,12,0,6,1,3646,,,0,,0,0,0,0,0,0,0,0
1134,11,24.08,5,1,3646,,,0,,0,0,0,0,0,0,0,0
1134,10,137.11,4,1,3646,,,0,,0,0,0,0,0,0,0,0
1134,9,412.79,3,1,3646,,,0,,0,0,0,0,0,0,0,0
1134,8,3790.9,2,1,3646,,,0,,1,0,0,0,0,0,0,0
1134,7,1010.86,1,1,3646,,,0,,0,0,0,0,1,1,0,0
294,12,1.21,6,1,5412,,,0,,0,0,0,0,0,0,0,0
294,10,45.61,5,1,5412,,,0,,0,0,0,0,0,0,0,0
294,9,1777.42,4,1,5412,,,0,,0,0,0,0,32,3316,262,560
294,8,40798.92,3,1,5412,,,0,,0,0,0,0,26,2708,86,171
294,6,0.03,2,1,5412,,,0,,0,26,0,0,0,0,0,0
294,5,8.26,1,1,5412,,,0,,0,0,0,0,0,0,0,0
1099,12,0,5,2,2101,,,0,,0,0,0,0,3,47,0,5
1099,11,469.57,4,2,2101,,,0,,0,0,0,0,4,576,23,38
1099,10,4.22,3,2,2101,,,0,,0,0,0,0,5,1182,43,352
1099,8,252.95,2,2,2101,,,0,,0,0,0,0,18,1800,141,568
1099,7,1804.27,1,2,2101,,,0,,2,0,0,0,12,67,4,15
959,12,0,3,1,1562,,,0,,0,0,0,0,0,0,0,0
959,11,72.22,2,1,1562,,,0,,0,0,0,0,0,0,0,0
959,6,10037.65,1,1,1562,,,0,,1,44,0,33,0,0,0,0
389,12,0,6,1,1391,,,0,,0,0,0,0,0,0,0,0
389,11,1866.45,5,1,1391,,,0,,0,0,0,0,1,0,0,0
389,10,478.71,4,1,1391,,,0,,0,0,0,0,9,52,2,4
389,9,162.28,3,1,1391,,,0,,0,0,0,0,0,0,0,0
389,8,139.91,2,1,1391,,,0,,0,0,0,0,0,0,0,0
389,6,0,1,1,1391,,,0,,0,0,0,0,0,0,0,0
3278,11,48420.66,1,1,564,7739,7753,0,0,1,0,0,0,36,3138,1331,1224
3510,11,22961.22,1,2,2746,,,285,,0,2,3,0,5,49,0,19
3004,11,15329.12,2,2,743,9970,9946,120,39,11,396,35,93,86,7468,468,712
3004,10,4667.12,1,2,743,9970,9946,120,39,0,168,0,0,104,2416,196,446
142,11,13914.18,9,5,7468,7276,7262,94,151,0,0,0,0,17,1125,39,253
142,10,14148.27,8,5,7468,7276,7262,94,151,0,0,0,0,46,1262,134,237
142,9,18965.02,7,5,7468,7276,7262,94,151,0,0,0,0,54,919,58,205
142,8,32682.01,6,5,7468,7276,7262,94,151,0,0,0,0,51,1421,68,333
142,7,9313.66,5,5,7468,7276,7262,94,151,0,0,0,0,55,593,46,152
142,6,1281.64,4,5,7468,7276,7262,94,151,0,0,0,0,42,881,93,176
142,5,1780.97,3,5,7468,7276,7262,94,151,1,58,0,33,21,146,8,37
142,4,5161.9,2,5,7468,7276,7262,94,151,0,69,2,84,50,224,31,29
142,3,1626.3,1,5,7468,7276,7262,94,151,3,42,1,104,44,116,27,17
2262,11,12163.24,3,,,,,,,6,0,0,0,2,87,18,23
2262,10,321.57,2,,,,,,,2,0,0,0,1,8,0,1
2262,9,8434.2,1,,,,,,,3,0,0,2,33,37,5,10
596,11,11620.86,3,,,,,,,0,0,0,0,43,1961,118,325
596,6,152.39,2,,,,,,,6,0,0,50,27,41,27,1
596,5,4117.91,1,,,,,,,1,0,0,6,13,29,10,3
212,11,37.43,8,,,,,,,0,0,0,0,0,0,0,0
212,10,501.52,7,,,,,,,0,0,0,0,0,0,0,0
212,9,29.28,6,,,,,,,0,0,0,0,2,14,0,6
212,8,8.97,5,,,,,,,0,0,0,0,0,0,0,0
212,7,2484.52,4,,,,,,,0,0,0,0,4,8,0,2
212,6,0.28,3,,,,,,,2,4,0,0,1,3,1,3
212,5,8.49,2,,,,,,,0,39,0,3,18,224,36,81
212,4,55,1,,,,,,,0,8,0,0,2,2,0,1
1093,10,65585.29,4,,,,,,,0,0,0,0,13,96,4,15
1093,9,17468.87,3,,,,,,,19,136,0,94,1,2,0,0
1093,8,19625.17,2,,,,,,,9,96,0,109,2,23,2,6
1093,7,17353.4,1,,,,,,,45,141,1,283,2,37,10,4
1571,10,4289.23,3,,,,,,,0,0,0,0,0,0,0,0
1571,9,1145.22,2,,,,,,,5,115,11,13,0,0,0,0
1571,8,138.07,1,,,,,,,0,0,0,0,0,0,0,0
1112,10,2706.47,4,,,,,,,0,0,0,0,14,170,21,28
1112,9,1482.42,3,,,,,,,0,0,0,0,4,22,2,3
1112,8,1565.41,2,,,,,,,0,15,0,17,20,168,25,24
1112,7,5627.42,1,,,,,,,0,21,0,10,18,90,7,13
1415,10,367.56,3,,,,,,,0,0,0,0,3,952,95,244
1415,9,18996.51,2,,,,,,,45,21,8,95,5,42,2,10
1415,8,58145.94,1,,,,,,,47,14,5,103,8,46,5,8
198,10,314.22,7,3,1297,,,58,,0,0,0,0,3,1105,34,173
198,9,355.64,6,3,1297,,,58,,0,0,0,0,6,339,38,65
198,8,1133.12,5,3,1297,,,58,,0,0,0,0,1,76,5,13
198,7,2107.96,4,3,1297,,,58,,0,0,0,0,0,0,0,0
198,6,6851.88,3,3,1297,,,58,,7,1,0,7,3,70,5,18
198,5,3995.54,2,3,1297,,,58,,4,2,0,5,2,27,2,14
198,4,3000.85,1,3,1297,,,58,,9,25,1,8,13,90,12,24
540,9,69599.76,5,,,,,,,0,0,0,0,10,131,6,46
540,8,1998.29,4,,,,,,,0,0,0,0,19,52,7,15
540,7,4682.54,3,,,,,,,15,238,1,121,40,232,7,91
540,6,7.35,2,,,,,,,16,175,2,171,21,319,13,120
540,5,45.27,1,,,,,,,7,25,4,64,6,91,4,33
1773,9,36463.49,2,1,2170,5557,5543,344,58,0,25,0,3,3,22,3,7
1773,8,43.1,1,1,2170,5557,5543,344,58,0,14,0,0,20,169,25,16
275,9,30579.95,6,,,,,,,0,0,0,0,42,774,43,107
275,8,34207.08,5,,,,,,,0,0,0,0,8,645,149,168
275,7,19670.12,4,,,,,,,0,0,0,0,35,188,32,47
275,6,1657.69,3,,,,,,,11,92,2,72,15,500,42,102
275,5,836.59,2,,,,,,,4,17,1,11,32,253,41,78
275,4,4380,1,,,,,,,6,65,1,12,12,184,11,36
1530,9,15960.6,2,,,,,,,15,9,0,0,33,761,83,95
1530,8,10665.31,1,,,,,,,0,0,0,0,9,135,5,28
86,8,142078.48,7,3,2105,82472,82327,5,468,0,0,0,0,41,65040,2389,8778
86,7,27017.18,6,3,2105,82472,82327,5,468,0,0,0,0,46,927,153,207
86,6,9062.66,5,3,2105,82472,82327,5,468,0,0,0,0,51,561,35,150
86,5,3657.81,4,3,2105,82472,82327,5,468,0,0,0,0,52,433,67,246
86,4,10850.25,3,3,2105,82472,82327,5,468,0,0,0,0,55,950,54,302
86,3,1344.88,2,3,2105,82472,82327,5,468,18,2,11,103,52,879,41,201
86,2,457,1,3,2105,82472,82327,5,468,42,7,26,195,54,575,21,166
159,8,10751.83,4,2,626,3173,3117,602,27,0,0,0,0,48,18391,815,2207
159,7,1544.54,3,2,626,3173,3117,602,27,42,91,1,78,48,625,157,488
159,6,214.85,2,2,626,3173,3117,602,27,13,114,1,63,19,51,5,22
159,5,213.55,1,2,626,3173,3117,602,27,9,46,0,56,10,45,10,12
822,8,1189.26,3,,,,,,,1,55,5,20,0,0,0,0
822,7,1224.92,2,,,,,,,0,17,0,2,18,823,94,275
822,6,763.66,1,,,,,,,4,48,0,0,11,361,334,116
224,7,27012.22,4,,,,,,,0,0,0,0,,,,
224,6,917.24,3,,,,,,,2,31,0,1,,,,
224,5,1290.73,2,,,,,,,0,23,0,9,,,,
224,4,7924.27,1,,,,,,,2,58,0,18,,,,
936,7,16084.95,2,,,,,,,1,3,0,0,40,591,35,156
936,6,141.8,1,,,,,,,4,10,1,0,33,7441,50,560
296,7,6422.13,4,,,,,,,0,0,0,0,38,1376,104,306
296,6,2185.55,3,,,,,,,0,0,0,0,52,282,36,63
296,5,1240.62,2,,,,,,,0,0,0,0,13,163,4,34
296,4,610.1,1,,,,,,,0,0,0,0,45,542,31,98
943,7,5416.33,2,2,1597,1108,1083,0,125,43,3,0,1,50,840,84,172
943,6,143.21,1,2,1597,1108,1083,0,125,10,1,1,5,37,460,62,66
946,6,67269.33,1,,,,,,,3,7,0,8,,,,
246,6,4489.51,3,3,2653,,,394,,5,45,4,3,0,0,0,0
246,5,9014.33,2,3,2653,,,394,,4,8,1,0,0,0,0,0
246,4,3413.73,1,3,2653,,,394,,5,18,0,1,0,0,0,0
547,5,4601.95,1,3,976,,,0,,1,14,0,28,46,237,51,65
82,2,27140.07,1,,,,,,,3,0,0,0,4,57,10,22