pk,month_index,intervention,time_after_intervention,num_commit,num_issue,num_star,num_comment,earning_after_adoption,count_grant,num_repo
2323,-6,0,0,10,0,22,1,337821.69,4,7
2323,-5,0,0,18,1,52,4,337821.69,4,7
2323,-4,0,0,0,0,13,0,337821.69,4,7
2323,-3,0,0,26,0,4,2,337821.69,4,7
2323,-2,0,0,126,1,72,86,337821.69,4,7
2323,-1,0,0,19,0,7,1,337821.69,4,7
2323,0,0,0,0,0,13,0,337821.69,4,7
2323,1,1,1,0,0,5,0,337821.69,4,7
2323,2,1,2,50,0,10,21,337821.69,4,7
2323,3,1,3,82,3,41,95,337821.69,4,7
2323,4,1,4,72,4,36,138,337821.69,4,7
2323,5,1,5,62,3,40,46,337821.69,4,7
2323,6,1,6,11,0,25,40,337821.69,4,7
149,-6,0,0,62,1,7,34,323383.15,9,1
149,-5,0,0,158,1,19,90,323383.15,9,1
149,-4,0,0,107,1,16,48,323383.15,9,1
149,-3,0,0,100,0,2,44,323383.15,9,1
149,-2,0,0,130,1,2,17,323383.15,9,1
149,-1,0,0,98,1,3,52,323383.15,9,1
149,0,0,0,106,1,20,130,323383.15,9,1
149,1,1,1,247,3,16,143,323383.15,9,1
149,2,1,2,228,4,10,129,323383.15,9,1
149,3,1,3,169,6,39,158,323383.15,9,1
149,4,1,4,192,2,21,234,323383.15,9,1
149,5,1,5,163,3,17,128,323383.15,9,1
149,6,1,6,118,4,9,115,323383.15,9,1
490,-6,0,0,0,0,0,0,303809.72,8,3
490,-5,0,0,0,0,0,0,303809.72,8,3
490,-4,0,0,0,0,0,0,303809.72,8,3
490,-3,0,0,0,0,0,0,303809.72,8,3
490,-2,0,0,0,0,0,0,303809.72,8,3
490,-1,0,0,0,0,0,0,303809.72,8,3
490,0,0,0,12,0,0,1,303809.72,8,3
490,1,1,1,126,3,0,81,303809.72,8,3
490,2,1,2,11,0,0,0,303809.72,8,3
490,3,1,3,66,0,0,1,303809.72,8,3
490,4,1,4,222,0,0,9,303809.72,8,3
490,5,1,5,9,0,0,0,303809.72,8,3
490,6,1,6,4,0,0,0,303809.72,8,3
1592,-6,0,0,113,9,15,170,273472.88,5,1
1592,-5,0,0,65,11,18,138,273472.88,5,1
1592,-4,0,0,201,3,8,96,273472.88,5,1
1592,-3,0,0,329,8,36,282,273472.88,5,1
1592,-2,0,0,578,6,41,446,273472.88,5,1
1592,-1,0,0,463,12,62,305,273472.88,5,1
1592,0,0,0,213,19,46,155,273472.88,5,1
1592,1,1,1,111,12,57,180,273472.88,5,1
1592,2,1,2,108,14,73,184,273472.88,5,1
1592,3,1,3,117,10,73,166,273472.88,5,1
1592,4,1,4,239,9,106,169,273472.88,5,1
1592,5,1,5,94,10,125,133,273472.88,5,1
1592,6,1,6,168,24,165,371,273472.88,5,1
4352,-6,0,0,0,0,0,0,241184.2,1,13
4352,-5,0,0,0,0,0,0,241184.2,1,13
4352,-4,0,0,0,0,0,0,241184.2,1,13
4352,-3,0,0,0,0,0,0,241184.2,1,13
4352,-2,0,0,16,0,0,0,241184.2,1,13
4352,-1,0,0,233,0,0,0,241184.2,1,13
4352,0,0,0,195,0,55,68,241184.2,1,13
4352,1,1,1,125,3,29,31,241184.2,1,13
4352,2,1,2,507,2,34,149,241184.2,1,13
4352,3,1,3,654,2,15,135,241184.2,1,13
4352,4,1,4,553,1,26,132,241184.2,1,13
4352,5,1,5,292,0,22,193,241184.2,1,13
4352,6,1,6,557,17,104,275,241184.2,1,13
24,-6,0,0,80,1,63,285,227561.42,12,1
24,-5,0,0,50,0,60,287,227561.42,12,1
24,-4,0,0,75,0,70,364,227561.42,12,1
24,-3,0,0,40,0,60,255,227561.42,12,1
24,-2,0,0,76,0,40,524,227561.42,12,1
24,-1,0,0,80,0,60,373,227561.42,12,1
24,0,0,0,134,0,29,435,227561.42,12,1
24,1,1,1,150,0,33,625,227561.42,12,1
24,2,1,2,129,0,41,419,227561.42,12,1
24,3,1,3,162,0,46,608,227561.42,12,1
24,4,1,4,48,0,23,391,227561.42,12,1
24,5,1,5,16,1,24,316,227561.42,12,1
24,6,1,6,105,0,24,442,227561.42,12,1
86,-6,0,0,71,120,82,448,194468.26,7,55
86,-5,0,0,66,38,81,249,194468.26,7,55
86,-4,0,0,44,33,77,240,194468.26,7,55
86,-3,0,0,24,15,45,108,194468.26,7,55
86,-2,0,0,27,14,80,227,194468.26,7,55
86,-1,0,0,21,17,78,266,194468.26,7,55
86,0,0,0,3,27,60,333,194468.26,7,55
86,1,1,1,4,34,53,229,194468.26,7,55
86,2,1,2,3,9,45,180,194468.26,7,55
86,3,1,3,13,31,49,239,194468.26,7,55
86,4,1,4,0,6,39,106,194468.26,7,55
86,5,1,5,4,4,18,212,194468.26,7,55
86,6,1,6,2,13,33,194,194468.26,7,55
25,-6,0,0,56,0,8,1,186691.3,12,1
25,-5,0,0,47,0,20,5,186691.3,12,1
25,-4,0,0,244,0,94,159,186691.3,12,1
25,-3,0,0,92,0,20,112,186691.3,12,1
25,-2,0,0,115,0,7,102,186691.3,12,1
25,-1,0,0,142,0,22,174,186691.3,12,1
25,0,0,0,298,0,22,172,186691.3,12,1
25,1,1,1,377,0,10,127,186691.3,12,1
25,2,1,2,471,0,12,116,186691.3,12,1
25,3,1,3,258,0,18,54,186691.3,12,1
25,4,1,4,255,0,17,37,186691.3,12,1
25,5,1,5,136,0,24,77,186691.3,12,1
25,6,1,6,145,1,16,114,186691.3,12,1
13,-6,0,0,82,0,56,217,175487.78,12,1
13,-5,0,0,24,0,44,135,175487.78,12,1
13,-4,0,0,60,2,61,180,175487.78,12,1
13,-3,0,0,13,0,72,211,175487.78,12,1
13,-2,0,0,27,0,43,217,175487.78,12,1
13,-1,0,0,4,2,37,74,175487.78,12,1
13,0,0,0,31,1,48,215,175487.78,12,1
13,1,1,1,2,1,46,225,175487.78,12,1
13,2,1,2,0,2,35,147,175487.78,12,1
13,3,1,3,14,0,32,178,175487.78,12,1
13,4,1,4,42,0,43,175,175487.78,12,1
13,5,1,5,22,0,29,131,175487.78,12,1
13,6,1,6,44,2,31,102,175487.78,12,1
821,-6,0,0,0,0,0,0,170182.45,7,1
821,-5,0,0,0,0,0,0,170182.45,7,1
821,-4,0,0,0,0,0,0,170182.45,7,1
821,-3,0,0,0,0,0,0,170182.45,7,1
821,-2,0,0,0,0,0,0,170182.45,7,1
821,-1,0,0,119,0,5,103,170182.45,7,1
821,0,0,0,0,1,18,9,170182.45,7,1
821,1,1,1,6,0,10,17,170182.45,7,1
821,2,1,2,5,0,3,7,170182.45,7,1
821,3,1,3,8,0,2,10,170182.45,7,1
821,4,1,4,11,0,0,16,170182.45,7,1
821,5,1,5,10,0,4,0,170182.45,7,1
821,6,1,6,16,0,2,24,170182.45,7,1
191,-6,0,0,25,0,3,9,164383.45,9,22
191,-5,0,0,18,0,3,3,164383.45,9,22
191,-4,0,0,30,0,7,6,164383.45,9,22
191,-3,0,0,109,0,1,2,164383.45,9,22
191,-2,0,0,139,1,5,5,164383.45,9,22
191,-1,0,0,165,6,5,32,164383.45,9,22
191,0,0,0,63,1,1,12,164383.45,9,22
191,1,1,1,157,0,4,26,164383.45,9,22
191,2,1,2,160,8,6,79,164383.45,9,22
191,3,1,3,238,9,5,69,164383.45,9,22
191,4,1,4,262,6,3,70,164383.45,9,22
191,5,1,5,155,6,6,34,164383.45,9,22
191,6,1,6,154,7,3,103,164383.45,9,22
143,-6,0,0,69,0,4,24,164031.52,10,59
143,-5,0,0,170,0,5,20,164031.52,10,59
143,-4,0,0,226,1,7,101,164031.52,10,59
143,-3,0,0,225,2,14,90,164031.52,10,59
143,-2,0,0,210,3,7,78,164031.52,10,59
143,-1,0,0,99,0,3,14,164031.52,10,59
143,0,0,0,192,3,6,16,164031.52,10,59
143,1,1,1,156,4,11,17,164031.52,10,59
143,2,1,2,309,3,6,30,164031.52,10,59
143,3,1,3,206,6,10,9,164031.52,10,59
143,4,1,4,110,1,13,16,164031.52,10,59
143,5,1,5,108,3,7,64,164031.52,10,59
143,6,1,6,115,5,7,11,164031.52,10,59
172,-6,0,0,104,1,4,0,162448.84,8,25
172,-5,0,0,170,0,0,0,162448.84,8,25
172,-4,0,0,111,0,3,0,162448.84,8,25
172,-3,0,0,55,0,1,0,162448.84,8,25
172,-2,0,0,136,1,3,1,162448.84,8,25
172,-1,0,0,309,0,2,0,162448.84,8,25
172,0,0,0,295,12,7,0,162448.84,8,25
172,1,1,1,173,2,0,0,162448.84,8,25
172,2,1,2,93,3,1,0,162448.84,8,25
172,3,1,3,53,2,0,0,162448.84,8,25
172,4,1,4,41,2,2,0,162448.84,8,25
172,5,1,5,21,10,0,2,162448.84,8,25
172,6,1,6,47,4,5,2,162448.84,8,25
3133,-6,0,0,0,0,0,0,152102.95,3,9
3133,-5,0,0,0,0,0,0,152102.95,3,9
3133,-4,0,0,0,0,0,0,152102.95,3,9
3133,-3,0,0,0,0,0,0,152102.95,3,9
3133,-2,0,0,0,0,0,0,152102.95,3,9
3133,-1,0,0,53,0,0,0,152102.95,3,9
3133,0,0,0,534,0,1,2,152102.95,3,9
3133,1,1,1,1048,0,4,2,152102.95,3,9
3133,2,1,2,873,0,14,0,152102.95,3,9
3133,3,1,3,693,0,5,14,152102.95,3,9
3133,4,1,4,430,0,13,21,152102.95,3,9
3133,5,1,5,268,1,10,35,152102.95,3,9
3133,6,1,6,115,0,17,37,152102.95,3,9
1143,-6,0,0,0,2,2,0,138751.38,6,1
1143,-5,0,0,0,0,0,4,138751.38,6,1
1143,-4,0,0,0,0,3,4,138751.38,6,1
1143,-3,0,0,1,0,2,2,138751.38,6,1
1143,-2,0,0,0,1,2,1,138751.38,6,1
1143,-1,0,0,6,1,3,5,138751.38,6,1
1143,0,0,0,3,1,5,38,138751.38,6,1
1143,1,1,1,44,0,5,18,138751.38,6,1
1143,2,1,2,13,0,9,2,138751.38,6,1
1143,3,1,3,7,0,2,8,138751.38,6,1
1143,4,1,4,26,0,5,6,138751.38,6,1
1143,5,1,5,7,0,6,5,138751.38,6,1
1143,6,1,6,10,0,4,7,138751.38,6,1
137,-6,0,0,2054,48,135,1146,130083.6,10,367
137,-5,0,0,2371,29,194,1115,130083.6,10,367
137,-4,0,0,1517,34,189,786,130083.6,10,367
137,-3,0,0,1393,39,163,668,130083.6,10,367
137,-2,0,0,1192,36,140,897,130083.6,10,367
137,-1,0,0,1325,39,144,664,130083.6,10,367
137,0,0,0,1288,19,119,703,130083.6,10,367
137,1,1,1,826,64,122,598,130083.6,10,367
137,2,1,2,1369,35,103,844,130083.6,10,367
137,3,1,3,945,27,98,654,130083.6,10,367
137,4,1,4,938,31,83,501,130083.6,10,367
137,5,1,5,1139,56,180,857,130083.6,10,367
137,6,1,6,871,46,121,813,130083.6,10,367
1093,-6,0,0,0,0,0,0,120032.73,4,7
1093,-5,0,0,0,0,0,0,120032.73,4,7
1093,-4,0,0,0,0,0,0,120032.73,4,7
1093,-3,0,0,0,0,0,0,120032.73,4,7
1093,-2,0,0,90,0,1,0,120032.73,4,7
1093,-1,0,0,59,0,14,48,120032.73,4,7
1093,0,0,0,254,1,73,409,120032.73,4,7
1093,1,1,1,324,0,41,331,120032.73,4,7
1093,2,1,2,279,0,31,205,120032.73,4,7
1093,3,1,3,184,0,16,175,120032.73,4,7
1093,4,1,4,198,0,21,191,120032.73,4,7
1093,5,1,5,198,0,26,116,120032.73,4,7
1093,6,1,6,214,0,42,165,120032.73,4,7
3857,-6,0,0,26,0,7,54,112437.23,1,1
3857,-5,0,0,33,1,6,31,112437.23,1,1
3857,-4,0,0,43,2,4,44,112437.23,1,1
3857,-3,0,0,58,12,38,40,112437.23,1,1
3857,-2,0,0,39,1,12,46,112437.23,1,1
3857,-1,0,0,9,0,15,0,112437.23,1,1
3857,0,0,0,34,0,31,18,112437.23,1,1
3857,1,1,1,11,1,27,12,112437.23,1,1
3857,2,1,2,23,1,14,36,112437.23,1,1
3857,3,1,3,28,0,12,14,112437.23,1,1
3857,4,1,4,16,0,9,3,112437.23,1,1
3857,5,1,5,4,0,10,4,112437.23,1,1
3857,6,1,6,34,4,8,27,112437.23,1,1
142,-6,0,0,124,1,7,42,98873.95,9,1
142,-5,0,0,277,0,3,6,98873.95,9,1
142,-4,0,0,305,2,15,52,98873.95,9,1
142,-3,0,0,315,0,7,17,98873.95,9,1
142,-2,0,0,243,2,8,93,98873.95,9,1
142,-1,0,0,397,1,5,116,98873.95,9,1
142,0,0,0,58,1,6,146,98873.95,9,1
142,1,1,1,45,0,13,61,98873.95,9,1
142,2,1,2,79,2,5,72,98873.95,9,1
142,3,1,3,250,4,3,169,98873.95,9,1
142,4,1,4,136,2,6,164,98873.95,9,1
142,5,1,5,252,6,20,184,98873.95,9,1
142,6,1,6,105,4,4,114,98873.95,9,1
258,-6,0,0,0,0,0,0,95199.84,9,1
258,-5,0,0,0,0,0,0,95199.84,9,1
258,-4,0,0,0,0,0,0,95199.84,9,1
258,-3,0,0,0,0,0,0,95199.84,9,1
258,-2,0,0,0,0,0,0,95199.84,9,1
258,-1,0,0,0,0,0,0,95199.84,9,1
258,0,0,0,0,0,0,0,95199.84,9,1
258,1,1,1,0,0,0,0,95199.84,9,1
258,2,1,2,0,0,0,0,95199.84,9,1
258,3,1,3,0,0,0,0,95199.84,9,1
258,4,1,4,0,0,0,0,95199.84,9,1
258,5,1,5,0,0,0,0,95199.84,9,1
258,6,1,6,0,0,0,0,95199.84,9,1
337,-6,0,0,0,0,0,0,92707.08,7,2
337,-5,0,0,0,0,0,0,92707.08,7,2
337,-4,0,0,0,0,0,0,92707.08,7,2
337,-3,0,0,0,0,0,0,92707.08,7,2
337,-2,0,0,0,0,0,0,92707.08,7,2
337,-1,0,0,0,0,0,0,92707.08,7,2
337,0,0,0,0,0,0,0,92707.08,7,2
337,1,1,1,0,0,0,0,92707.08,7,2
337,2,1,2,0,0,0,0,92707.08,7,2
337,3,1,3,0,0,0,0,92707.08,7,2
337,4,1,4,1,0,0,0,92707.08,7,2
337,5,1,5,16,0,0,0,92707.08,7,2
337,6,1,6,5,0,0,0,92707.08,7,2
275,-6,0,0,114,9,24,87,91331.43,6,20
275,-5,0,0,102,0,10,31,91331.43,6,20
275,-4,0,0,80,15,23,35,91331.43,6,20
275,-3,0,0,19,0,12,9,91331.43,6,20
275,-2,0,0,56,0,11,33,91331.43,6,20
275,-1,0,0,87,4,12,28,91331.43,6,20
275,0,0,0,68,2,16,14,91331.43,6,20
275,1,1,1,186,0,5,21,91331.43,6,20
275,2,1,2,71,2,7,17,91331.43,6,20
275,3,1,3,70,1,19,19,91331.43,6,20
275,4,1,4,148,6,12,54,91331.43,6,20
275,5,1,5,130,3,14,61,91331.43,6,20
275,6,1,6,119,8,24,94,91331.43,6,20
1403,-6,0,0,1,7,0,32,89715.29,4,20
1403,-5,0,0,25,1,0,23,89715.29,4,20
1403,-4,0,0,123,0,0,6,89715.29,4,20
1403,-3,0,0,89,0,0,1,89715.29,4,20
1403,-2,0,0,47,1,2,10,89715.29,4,20
1403,-1,0,0,66,1,0,6,89715.29,4,20
1403,0,0,0,74,0,2,9,89715.29,4,20
1403,1,1,1,80,1,1,13,89715.29,4,20
1403,2,1,2,99,0,0,19,89715.29,4,20
1403,3,1,3,124,0,1,14,89715.29,4,20
1403,4,1,4,76,0,1,14,89715.29,4,20
1403,5,1,5,71,0,0,17,89715.29,4,20
1403,6,1,6,111,0,0,19,89715.29,4,20
331,-6,0,0,88,5,8,21,87006.38,7,25
331,-5,0,0,51,0,6,8,87006.38,7,25
331,-4,0,0,191,1,6,28,87006.38,7,25
331,-3,0,0,85,0,3,17,87006.38,7,25
331,-2,0,0,268,2,3,4,87006.38,7,25
331,-1,0,0,96,0,1,3,87006.38,7,25
331,0,0,0,44,0,0,1,87006.38,7,25
331,1,1,1,157,1,6,7,87006.38,7,25
331,2,1,2,17,0,1,0,87006.38,7,25
331,3,1,3,54,0,5,0,87006.38,7,25
331,4,1,4,26,3,5,6,87006.38,7,25
331,5,1,5,38,0,2,22,87006.38,7,25
331,6,1,6,259,2,4,31,87006.38,7,25
468,-6,0,0,0,0,0,0,84445.91,6,2
468,-5,0,0,0,0,0,0,84445.91,6,2
468,-4,0,0,0,0,0,0,84445.91,6,2
468,-3,0,0,0,0,0,0,84445.91,6,2
468,-2,0,0,0,0,0,0,84445.91,6,2
468,-1,0,0,0,0,0,0,84445.91,6,2
468,0,0,0,0,0,0,0,84445.91,6,2
468,1,1,1,20,0,0,0,84445.91,6,2
468,2,1,2,66,0,0,0,84445.91,6,2
468,3,1,3,32,0,0,0,84445.91,6,2
468,4,1,4,6,0,0,0,84445.91,6,2
468,5,1,5,9,0,0,0,84445.91,6,2
468,6,1,6,35,0,1,0,84445.91,6,2
1809,-6,0,0,0,0,0,0,83186.29,5,1
1809,-5,0,0,0,0,0,0,83186.29,5,1
1809,-4,0,0,0,0,0,0,83186.29,5,1
1809,-3,0,0,0,0,0,0,83186.29,5,1
1809,-2,0,0,0,0,0,0,83186.29,5,1
1809,-1,0,0,1,0,0,0,83186.29,5,1
1809,0,0,0,17,0,2,0,83186.29,5,1
1809,1,1,1,123,0,50,11,83186.29,5,1
1809,2,1,2,72,0,18,14,83186.29,5,1
1809,3,1,3,330,0,68,34,83186.29,5,1
1809,4,1,4,444,0,103,20,83186.29,5,1
1809,5,1,5,621,0,155,48,83186.29,5,1
1809,6,1,6,608,3,73,53,83186.29,5,1
539,-6,0,0,0,0,1,2,81774.3,8,22
539,-5,0,0,0,2,4,6,81774.3,8,22
539,-4,0,0,0,7,7,7,81774.3,8,22
539,-3,0,0,0,3,7,2,81774.3,8,22
539,-2,0,0,0,1,3,14,81774.3,8,22
539,-1,0,0,0,1,0,1,81774.3,8,22
539,0,0,0,0,2,6,40,81774.3,8,22
539,1,1,1,0,6,6,14,81774.3,8,22
539,2,1,2,0,2,2,7,81774.3,8,22
539,3,1,3,0,1,1,3,81774.3,8,22
539,4,1,4,9,12,1,16,81774.3,8,22
539,5,1,5,38,11,1,71,81774.3,8,22
539,6,1,6,20,13,6,109,81774.3,8,22
329,-6,0,0,0,0,0,0,78334.82,12,3
329,-5,0,0,0,0,0,0,78334.82,12,3
329,-4,0,0,0,0,0,0,78334.82,12,3
329,-3,0,0,18,0,1,0,78334.82,12,3
329,-2,0,0,0,0,1,0,78334.82,12,3
329,-1,0,0,1,0,2,0,78334.82,12,3
329,0,0,0,0,0,0,0,78334.82,12,3
329,1,1,1,0,0,0,0,78334.82,12,3
329,2,1,2,0,0,0,0,78334.82,12,3
329,3,1,3,0,0,0,0,78334.82,12,3
329,4,1,4,0,0,0,0,78334.82,12,3
329,5,1,5,0,0,0,0,78334.82,12,3
329,6,1,6,0,0,0,0,78334.82,12,3
1415,-6,0,0,0,0,0,0,77510.01,3,1
1415,-5,0,0,0,0,0,0,77510.01,3,1
1415,-4,0,0,26,0,0,26,77510.01,3,1
1415,-3,0,0,11,0,0,82,77510.01,3,1
1415,-2,0,0,16,0,2,29,77510.01,3,1
1415,-1,0,0,7,1,41,42,77510.01,3,1
1415,0,0,0,15,6,62,184,77510.01,3,1
1415,1,1,1,16,5,51,84,77510.01,3,1
1415,2,1,2,13,7,66,79,77510.01,3,1
1415,3,1,3,36,4,58,118,77510.01,3,1
1415,4,1,4,17,17,228,267,77510.01,3,1
1415,5,1,5,13,11,294,73,77510.01,3,1
1415,6,1,6,8,13,49,79,77510.01,3,1
540,-6,0,0,172,30,13,644,76333.21,5,47
540,-5,0,0,80,17,13,195,76333.21,5,47
540,-4,0,0,85,29,15,118,76333.21,5,47
540,-3,0,0,34,33,11,55,76333.21,5,47
540,-2,0,0,277,7,21,241,76333.21,5,47
540,-1,0,0,53,25,9,58,76333.21,5,47
540,0,0,0,39,6,9,99,76333.21,5,47
540,1,1,1,93,11,24,178,76333.21,5,47
540,2,1,2,71,5,23,153,76333.21,5,47
540,3,1,3,270,3,24,258,76333.21,5,47
540,4,1,4,69,4,12,201,76333.21,5,47
540,5,1,5,171,8,14,278,76333.21,5,47
540,6,1,6,302,2,18,221,76333.21,5,47
4019,-6,0,0,1100,0,0,0,71747.35,1,65
4019,-5,0,0,1014,0,0,0,71747.35,1,65
4019,-4,0,0,661,0,0,0,71747.35,1,65
4019,-3,0,0,785,0,0,0,71747.35,1,65
4019,-2,0,0,603,0,0,0,71747.35,1,65
4019,-1,0,0,418,0,0,0,71747.35,1,65
4019,0,0,0,252,0,0,1,71747.35,1,65
4019,1,1,1,154,0,1,0,71747.35,1,65
4019,2,1,2,165,0,1,0,71747.35,1,65
4019,3,1,3,351,0,1,0,71747.35,1,65
4019,4,1,4,129,0,1,0,71747.35,1,65
4019,5,1,5,60,0,3,0,71747.35,1,65
4019,6,1,6,27,0,1,0,71747.35,1,65
384,-6,0,0,0,0,0,0,67615.56,8,1
384,-5,0,0,0,0,0,0,67615.56,8,1
384,-4,0,0,0,0,0,0,67615.56,8,1
384,-3,0,0,0,0,0,0,67615.56,8,1
384,-2,0,0,0,0,0,0,67615.56,8,1
384,-1,0,0,0,0,0,0,67615.56,8,1
384,0,0,0,0,0,0,0,67615.56,8,1
384,1,1,1,0,0,0,0,67615.56,8,1
384,2,1,2,0,0,0,0,67615.56,8,1
384,3,1,3,0,0,0,0,67615.56,8,1
384,4,1,4,0,0,0,0,67615.56,8,1
384,5,1,5,0,0,0,0,67615.56,8,1
384,6,1,6,0,0,0,0,67615.56,8,1
946,-6,0,0,18,0,1,12,67269.33,1,1
946,-5,0,0,6,0,5,23,67269.33,1,1
946,-4,0,0,8,0,7,34,67269.33,1,1
946,-3,0,0,4,0,4,52,67269.33,1,1
946,-2,0,0,9,0,8,59,67269.33,1,1
946,-1,0,0,7,0,5,35,67269.33,1,1
946,0,0,0,14,0,5,19,67269.33,1,1
946,1,1,1,6,0,3,18,67269.33,1,1
946,2,1,2,13,0,3,37,67269.33,1,1
946,3,1,3,7,0,7,66,67269.33,1,1
946,4,1,4,12,0,7,31,67269.33,1,1
946,5,1,5,16,0,3,19,67269.33,1,1
946,6,1,6,17,0,4,35,67269.33,1,1
1561,-6,0,0,0,0,0,0,66925.29,5,2
1561,-5,0,0,0,0,0,0,66925.29,5,2
1561,-4,0,0,0,0,0,0,66925.29,5,2
1561,-3,0,0,0,0,0,0,66925.29,5,2
1561,-2,0,0,0,0,0,0,66925.29,5,2
1561,-1,0,0,0,0,0,0,66925.29,5,2
1561,0,0,0,0,0,0,0,66925.29,5,2
1561,1,1,1,0,0,0,0,66925.29,5,2
1561,2,1,2,1,0,0,0,66925.29,5,2
1561,3,1,3,0,0,0,0,66925.29,5,2
1561,4,1,4,3,0,0,0,66925.29,5,2
1561,5,1,5,4,0,1,0,66925.29,5,2
1561,6,1,6,0,0,0,0,66925.29,5,2
373,-6,0,0,0,0,0,0,65758.6,9,1
373,-5,0,0,0,0,0,0,65758.6,9,1
373,-4,0,0,0,0,0,0,65758.6,9,1
373,-3,0,0,0,0,0,0,65758.6,9,1
373,-2,0,0,0,0,0,0,65758.6,9,1
373,-1,0,0,360,0,0,2,65758.6,9,1
373,0,0,0,309,0,16,19,65758.6,9,1
373,1,1,1,353,2,17,18,65758.6,9,1
373,2,1,2,168,4,8,8,65758.6,9,1
373,3,1,3,95,1,6,62,65758.6,9,1
373,4,1,4,34,2,11,19,65758.6,9,1
373,5,1,5,29,5,4,11,65758.6,9,1
373,6,1,6,6,5,12,5,65758.6,9,1
599,-6,0,0,0,0,0,0,55431.29,9,2
599,-5,0,0,0,0,0,0,55431.29,9,2
599,-4,0,0,0,0,0,0,55431.29,9,2
599,-3,0,0,0,0,0,0,55431.29,9,2
599,-2,0,0,0,0,0,0,55431.29,9,2
599,-1,0,0,0,0,0,0,55431.29,9,2
599,0,0,0,0,0,14,1,55431.29,9,2
599,1,1,1,0,0,2,1,55431.29,9,2
599,2,1,2,0,0,2,0,55431.29,9,2
599,3,1,3,0,0,1,0,55431.29,9,2
599,4,1,4,0,0,0,0,55431.29,9,2
599,5,1,5,0,0,1,0,55431.29,9,2
599,6,1,6,0,0,0,0,55431.29,9,2
972,-6,0,0,0,0,0,0,54438.76,7,1
972,-5,0,0,0,0,0,0,54438.76,7,1
972,-4,0,0,0,0,0,0,54438.76,7,1
972,-3,0,0,8,0,0,0,54438.76,7,1
972,-2,0,0,33,0,1,12,54438.76,7,1
972,-1,0,0,14,0,8,15,54438.76,7,1
972,0,0,0,27,0,3,10,54438.76,7,1
972,1,1,1,87,0,11,29,54438.76,7,1
972,2,1,2,22,2,8,18,54438.76,7,1
972,3,1,3,54,0,4,46,54438.76,7,1
972,4,1,4,50,1,15,29,54438.76,7,1
972,5,1,5,16,1,9,30,54438.76,7,1
972,6,1,6,12,0,14,9,54438.76,7,1
3335,-6,0,0,97,0,0,0,50805.02,2,5
3335,-5,0,0,0,0,0,0,50805.02,2,5
3335,-4,0,0,0,0,0,0,50805.02,2,5
3335,-3,0,0,0,0,0,0,50805.02,2,5
3335,-2,0,0,1,0,0,0,50805.02,2,5
3335,-1,0,0,1,0,0,0,50805.02,2,5
3335,0,0,0,10,0,0,0,50805.02,2,5
3335,1,1,1,5,3,0,3,50805.02,2,5
3335,2,1,2,1,0,0,0,50805.02,2,5
3335,3,1,3,0,0,1,0,50805.02,2,5
3335,4,1,4,5,0,0,0,50805.02,2,5
3335,5,1,5,0,0,0,0,50805.02,2,5
3335,6,1,6,0,0,0,0,50805.02,2,5
3278,-6,0,0,37,0,1,0,48420.66,1,19
3278,-5,0,0,31,0,0,0,48420.66,1,19
3278,-4,0,0,8,0,0,0,48420.66,1,19
3278,-3,0,0,0,0,0,0,48420.66,1,19
3278,-2,0,0,0,0,0,0,48420.66,1,19
3278,-1,0,0,0,0,0,0,48420.66,1,19
3278,0,0,0,0,0,2,0,48420.66,1,19
3278,1,1,1,0,1,0,1,48420.66,1,19
3278,2,1,2,0,0,17,0,48420.66,1,19
3278,3,1,3,0,0,0,0,48420.66,1,19
3278,4,1,4,0,0,0,0,48420.66,1,19
3278,5,1,5,0,0,0,0,48420.66,1,19
3278,6,1,6,0,0,0,0,48420.66,1,19
3814,-6,0,0,0,0,0,0,47713.56,1,2
3814,-5,0,0,0,0,0,0,47713.56,1,2
3814,-4,0,0,0,0,0,0,47713.56,1,2
3814,-3,0,0,0,0,0,0,47713.56,1,2
3814,-2,0,0,45,0,0,0,47713.56,1,2
3814,-1,0,0,1,0,0,0,47713.56,1,2
3814,0,0,0,1,0,0,0,47713.56,1,2
3814,1,1,1,0,0,0,0,47713.56,1,2
3814,2,1,2,0,0,0,0,47713.56,1,2
3814,3,1,3,0,0,0,0,47713.56,1,2
3814,4,1,4,0,0,0,0,47713.56,1,2
3814,5,1,5,0,0,0,0,47713.56,1,2
3814,6,1,6,0,0,0,0,47713.56,1,2
1080,-6,0,0,108,0,0,0,47336.32,4,3
1080,-5,0,0,49,0,2,0,47336.32,4,3
1080,-4,0,0,16,0,0,0,47336.32,4,3
1080,-3,0,0,31,0,3,0,47336.32,4,3
1080,-2,0,0,60,0,0,0,47336.32,4,3
1080,-1,0,0,16,0,3,0,47336.32,4,3
1080,0,0,0,10,0,1,0,47336.32,4,3
1080,1,1,1,46,0,0,1,47336.32,4,3
1080,2,1,2,6,3,1,0,47336.32,4,3
1080,3,1,3,217,0,2,4,47336.32,4,3
1080,4,1,4,203,0,2,1,47336.32,4,3
1080,5,1,5,241,1,0,0,47336.32,4,3
1080,6,1,6,176,0,2,2,47336.32,4,3
3059,-6,0,0,1,1,0,0,46388.3,3,7
3059,-5,0,0,2,0,0,0,46388.3,3,7
3059,-4,0,0,1,0,0,0,46388.3,3,7
3059,-3,0,0,0,3,1,2,46388.3,3,7
3059,-2,0,0,4,1,1,0,46388.3,3,7
3059,-1,0,0,3,2,1,3,46388.3,3,7
3059,0,0,0,0,1,1,0,46388.3,3,7
3059,1,1,1,0,0,0,0,46388.3,3,7
3059,2,1,2,0,0,0,0,46388.3,3,7
3059,3,1,3,1,1,1,0,46388.3,3,7
3059,4,1,4,0,0,0,0,46388.3,3,7
3059,5,1,5,3,0,1,0,46388.3,3,7
3059,6,1,6,0,0,3,0,46388.3,3,7
1110,-6,0,0,175,0,0,0,43952.58,6,35
1110,-5,0,0,145,1,0,0,43952.58,6,35
1110,-4,0,0,131,1,2,1,43952.58,6,35
1110,-3,0,0,72,0,4,4,43952.58,6,35
1110,-2,0,0,19,0,0,1,43952.58,6,35
1110,-1,0,0,16,0,0,7,43952.58,6,35
1110,0,0,0,58,6,0,1,43952.58,6,35
1110,1,1,1,53,1,5,0,43952.58,6,35
1110,2,1,2,22,0,1,0,43952.58,6,35
1110,3,1,3,18,2,1,0,43952.58,6,35
1110,4,1,4,30,1,2,0,43952.58,6,35
1110,5,1,5,6,0,1,0,43952.58,6,35
1110,6,1,6,11,1,4,1,43952.58,6,35
3224,-6,0,0,0,0,0,0,43511.97,2,1
3224,-5,0,0,0,0,0,0,43511.97,2,1
3224,-4,0,0,0,0,0,0,43511.97,2,1
3224,-3,0,0,0,0,0,0,43511.97,2,1
3224,-2,0,0,154,0,122,65,43511.97,2,1
3224,-1,0,0,148,0,48,22,43511.97,2,1
3224,0,0,0,75,0,24,18,43511.97,2,1
3224,1,1,1,64,3,21,28,43511.97,2,1
3224,2,1,2,147,0,19,20,43511.97,2,1
3224,3,1,3,76,0,38,23,43511.97,2,1
3224,4,1,4,23,0,15,12,43511.97,2,1
3224,5,1,5,52,0,27,31,43511.97,2,1
3224,6,1,6,29,0,26,32,43511.97,2,1
184,-6,0,0,95,0,4,30,43065.95,9,1
184,-5,0,0,123,0,5,149,43065.95,9,1
184,-4,0,0,73,0,2,65,43065.95,9,1
184,-3,0,0,92,0,2,21,43065.95,9,1
184,-2,0,0,74,0,4,19,43065.95,9,1
184,-1,0,0,18,0,4,1,43065.95,9,1
184,0,0,0,26,0,3,0,43065.95,9,1
184,1,1,1,40,0,5,19,43065.95,9,1
184,2,1,2,28,0,4,16,43065.95,9,1
184,3,1,3,8,0,3,0,43065.95,9,1
184,4,1,4,27,0,3,2,43065.95,9,1
184,5,1,5,12,0,5,41,43065.95,9,1
184,6,1,6,18,1,0,11,43065.95,9,1
294,-6,0,0,231,0,0,0,42631.45,6,34
294,-5,0,0,181,0,0,0,42631.45,6,34
294,-4,0,0,88,0,0,0,42631.45,6,34
294,-3,0,0,10,0,1,0,42631.45,6,34
294,-2,0,0,105,0,1,0,42631.45,6,34
294,-1,0,0,8,0,2,0,42631.45,6,34
294,0,0,0,5,0,1,0,42631.45,6,34
294,1,1,1,1,0,1,0,42631.45,6,34
294,2,1,2,2,0,0,0,42631.45,6,34
294,3,1,3,30,0,0,0,42631.45,6,34
294,4,1,4,3,0,0,0,42631.45,6,34
294,5,1,5,10,0,3,0,42631.45,6,34
294,6,1,6,34,1,105,7,42631.45,6,34
888,-6,0,0,79,0,2,25,40337.96,7,1
888,-5,0,0,161,7,5,46,40337.96,7,1
888,-4,0,0,64,0,10,8,40337.96,7,1
888,-3,0,0,18,0,7,7,40337.96,7,1
888,-2,0,0,216,4,23,46,40337.96,7,1
888,-1,0,0,197,9,13,161,40337.96,7,1
888,0,0,0,193,7,11,73,40337.96,7,1
888,1,1,1,143,2,7,12,40337.96,7,1
888,2,1,2,65,5,10,29,40337.96,7,1
888,3,1,3,83,3,22,13,40337.96,7,1
888,4,1,4,84,9,26,45,40337.96,7,1
888,5,1,5,109,2,34,50,40337.96,7,1
888,6,1,6,64,8,48,78,40337.96,7,1
37,-6,0,0,0,0,0,0,40168.49,11,1
37,-5,0,0,0,0,0,0,40168.49,11,1
37,-4,0,0,0,0,0,0,40168.49,11,1
37,-3,0,0,0,0,0,0,40168.49,11,1
37,-2,0,0,0,0,0,0,40168.49,11,1
37,-1,0,0,0,0,0,0,40168.49,11,1
37,0,0,0,0,0,0,0,40168.49,11,1
37,1,1,1,0,0,0,0,40168.49,11,1
37,2,1,2,0,0,0,0,40168.49,11,1
37,3,1,3,0,0,0,0,40168.49,11,1
37,4,1,4,0,0,0,0,40168.49,11,1
37,5,1,5,0,0,0,0,40168.49,11,1
37,6,1,6,0,0,0,0,40168.49,11,1
2916,-6,0,0,24,0,0,0,39464.91,3,27
2916,-5,0,0,16,0,0,0,39464.91,3,27
2916,-4,0,0,91,0,0,0,39464.91,3,27
2916,-3,0,0,81,0,0,0,39464.91,3,27
2916,-2,0,0,107,0,1,2,39464.91,3,27
2916,-1,0,0,182,21,25,76,39464.91,3,27
2916,0,0,0,174,20,14,51,39464.91,3,27
2916,1,1,1,202,0,7,114,39464.91,3,27
2916,2,1,2,443,6,8,237,39464.91,3,27
2916,3,1,3,442,10,9,157,39464.91,3,27
2916,4,1,4,449,10,23,132,39464.91,3,27
2916,5,1,5,431,12,13,140,39464.91,3,27
2916,6,1,6,339,6,15,138,39464.91,3,27
3386,-6,0,0,0,0,0,0,39291.54,2,2
3386,-5,0,0,0,0,0,0,39291.54,2,2
3386,-4,0,0,0,0,0,0,39291.54,2,2
3386,-3,0,0,0,0,0,0,39291.54,2,2
3386,-2,0,0,0,0,0,0,39291.54,2,2
3386,-1,0,0,0,0,0,0,39291.54,2,2
3386,0,0,0,0,0,0,0,39291.54,2,2
3386,1,1,1,0,0,0,0,39291.54,2,2
3386,2,1,2,0,0,0,0,39291.54,2,2
3386,3,1,3,52,0,3,46,39291.54,2,2
3386,4,1,4,5,1,2,10,39291.54,2,2
3386,5,1,5,2,0,1,0,39291.54,2,2
3386,6,1,6,15,0,0,11,39291.54,2,2
1669,-6,0,0,103,2,11,76,38034.62,5,24
1669,-5,0,0,64,2,4,60,38034.62,5,24
1669,-4,0,0,44,4,5,29,38034.62,5,24
1669,-3,0,0,43,0,9,40,38034.62,5,24
1669,-2,0,0,60,0,8,52,38034.62,5,24
1669,-1,0,0,49,1,5,47,38034.62,5,24
1669,0,0,0,45,0,3,21,38034.62,5,24
1669,1,1,1,55,1,4,38,38034.62,5,24
1669,2,1,2,49,3,14,38,38034.62,5,24
1669,3,1,3,61,3,9,103,38034.62,5,24
1669,4,1,4,114,5,9,143,38034.62,5,24
1669,5,1,5,98,5,9,68,38034.62,5,24
1669,6,1,6,67,3,8,89,38034.62,5,24
4165,-6,0,0,0,0,0,0,37821.9,1,4
4165,-5,0,0,0,0,0,0,37821.9,1,4
4165,-4,0,0,0,0,0,0,37821.9,1,4
4165,-3,0,0,0,0,0,0,37821.9,1,4
4165,-2,0,0,69,0,0,1,37821.9,1,4
4165,-1,0,0,41,0,11,5,37821.9,1,4
4165,0,0,0,0,1,17,0,37821.9,1,4
4165,1,1,1,0,0,3,0,37821.9,1,4
4165,2,1,2,0,0,1,0,37821.9,1,4
4165,3,1,3,0,0,1,3,37821.9,1,4
4165,4,1,4,0,0,2,0,37821.9,1,4
4165,5,1,5,0,0,8,0,37821.9,1,4
4165,6,1,6,0,0,3,0,37821.9,1,4
224,-6,0,0,62,0,0,9,37144.46,4,1
224,-5,0,0,63,0,2,11,37144.46,4,1
224,-4,0,0,77,0,0,10,37144.46,4,1
224,-3,0,0,32,0,0,45,37144.46,4,1
224,-2,0,0,156,0,6,63,37144.46,4,1
224,-1,0,0,106,0,2,44,37144.46,4,1
224,0,0,0,61,0,4,23,37144.46,4,1
224,1,1,1,71,0,9,12,37144.46,4,1
224,2,1,2,40,0,6,5,37144.46,4,1
224,3,1,3,74,0,3,16,37144.46,4,1
224,4,1,4,142,0,3,16,37144.46,4,1
224,5,1,5,136,0,7,16,37144.46,4,1
224,6,1,6,67,0,6,11,37144.46,4,1
1773,-6,0,0,0,0,0,0,36506.59,2,5
1773,-5,0,0,0,0,0,0,36506.59,2,5
1773,-4,0,0,0,0,0,0,36506.59,2,5
1773,-3,0,0,0,0,0,0,36506.59,2,5
1773,-2,0,0,0,0,0,0,36506.59,2,5
1773,-1,0,0,0,0,0,0,36506.59,2,5
1773,0,0,0,14,0,0,0,36506.59,2,5
1773,1,1,1,50,0,0,24,36506.59,2,5
1773,2,1,2,74,0,0,34,36506.59,2,5
1773,3,1,3,116,0,0,16,36506.59,2,5
1773,4,1,4,19,0,0,5,36506.59,2,5
1773,5,1,5,58,0,0,13,36506.59,2,5
1773,6,1,6,107,1,0,60,36506.59,2,5
2281,-6,0,0,0,0,0,0,35549.01,4,1
2281,-5,0,0,0,0,0,0,35549.01,4,1
2281,-4,0,0,0,0,0,0,35549.01,4,1
2281,-3,0,0,0,0,0,0,35549.01,4,1
2281,-2,0,0,0,0,0,0,35549.01,4,1
2281,-1,0,0,0,0,0,0,35549.01,4,1
2281,0,0,0,0,0,0,0,35549.01,4,1
2281,1,1,1,0,0,0,0,35549.01,4,1
2281,2,1,2,0,0,0,0,35549.01,4,1
2281,3,1,3,0,0,0,0,35549.01,4,1
2281,4,1,4,0,0,0,0,35549.01,4,1
2281,5,1,5,0,0,0,0,35549.01,4,1
2281,6,1,6,0,0,0,0,35549.01,4,1
795,-6,0,0,0,0,0,0,34106.08,7,1
795,-5,0,0,0,0,0,0,34106.08,7,1
795,-4,0,0,0,0,0,0,34106.08,7,1
795,-3,0,0,0,0,0,0,34106.08,7,1
795,-2,0,0,0,0,0,0,34106.08,7,1
795,-1,0,0,0,0,0,0,34106.08,7,1
795,0,0,0,0,0,0,0,34106.08,7,1
795,1,1,1,0,0,0,0,34106.08,7,1
795,2,1,2,0,0,0,0,34106.08,7,1
795,3,1,3,0,0,0,0,34106.08,7,1
795,4,1,4,0,0,0,0,34106.08,7,1
795,5,1,5,0,0,0,0,34106.08,7,1
795,6,1,6,0,0,0,0,34106.08,7,1
2112,-6,0,0,0,0,0,0,33811.8,4,1
2112,-5,0,0,0,0,0,0,33811.8,4,1
2112,-4,0,0,0,0,0,0,33811.8,4,1
2112,-3,0,0,0,0,0,0,33811.8,4,1
2112,-2,0,0,0,0,0,0,33811.8,4,1
2112,-1,0,0,1,0,0,0,33811.8,4,1
2112,0,0,0,18,0,3,10,33811.8,4,1
2112,1,1,1,20,22,10,16,33811.8,4,1
2112,2,1,2,0,0,5,5,33811.8,4,1
2112,3,1,3,0,1,0,0,33811.8,4,1
2112,4,1,4,3,0,0,1,33811.8,4,1
2112,5,1,5,6,10,4,16,33811.8,4,1
2112,6,1,6,1,1,5,2,33811.8,4,1
1657,-6,0,0,104,1,21,6,31838.26,5,48
1657,-5,0,0,89,3,34,11,31838.26,5,48
1657,-4,0,0,149,6,104,33,31838.26,5,48
1657,-3,0,0,181,6,91,21,31838.26,5,48
1657,-2,0,0,104,1,70,8,31838.26,5,48
1657,-1,0,0,156,11,56,56,31838.26,5,48
1657,0,0,0,93,4,69,28,31838.26,5,48
1657,1,1,1,53,6,106,16,31838.26,5,48
1657,2,1,2,63,3,133,22,31838.26,5,48
1657,3,1,3,111,0,100,7,31838.26,5,48
1657,4,1,4,163,5,159,40,31838.26,5,48
1657,5,1,5,163,8,196,23,31838.26,5,48
1657,6,1,6,115,6,174,52,31838.26,5,48
3012,-6,0,0,53,0,0,2,29331.49,3,37
3012,-5,0,0,54,0,0,0,29331.49,3,37
3012,-4,0,0,90,0,0,0,29331.49,3,37
3012,-3,0,0,100,1,0,2,29331.49,3,37
3012,-2,0,0,88,0,0,0,29331.49,3,37
3012,-1,0,0,57,0,0,0,29331.49,3,37
3012,0,0,0,73,0,0,2,29331.49,3,37
3012,1,1,1,71,0,0,0,29331.49,3,37
3012,2,1,2,64,0,0,1,29331.49,3,37
3012,3,1,3,18,0,0,2,29331.49,3,37
3012,4,1,4,9,0,0,0,29331.49,3,37
3012,5,1,5,79,0,0,31,29331.49,3,37
3012,6,1,6,34,1,2,14,29331.49,3,37
2575,-6,0,0,0,0,0,0,28704.04,3,1
2575,-5,0,0,0,0,0,0,28704.04,3,1
2575,-4,0,0,0,0,0,0,28704.04,3,1
2575,-3,0,0,0,0,0,0,28704.04,3,1
2575,-2,0,0,0,0,0,0,28704.04,3,1
2575,-1,0,0,0,0,0,0,28704.04,3,1
2575,0,0,0,0,0,0,0,28704.04,3,1
2575,1,1,1,0,0,0,0,28704.04,3,1
2575,2,1,2,0,0,0,0,28704.04,3,1
2575,3,1,3,0,0,0,0,28704.04,3,1
2575,4,1,4,0,0,0,0,28704.04,3,1
2575,5,1,5,0,0,0,0,28704.04,3,1
2575,6,1,6,0,0,0,0,28704.04,3,1
139,-6,0,0,0,0,0,0,27852.54,10,1
139,-5,0,0,82,0,5,2,27852.54,10,1
139,-4,0,0,188,0,5,12,27852.54,10,1
139,-3,0,0,117,0,0,22,27852.54,10,1
139,-2,0,0,102,0,3,15,27852.54,10,1
139,-1,0,0,176,0,2,9,27852.54,10,1
139,0,0,0,269,0,2,35,27852.54,10,1
139,1,1,1,115,0,4,27,27852.54,10,1
139,2,1,2,127,0,3,34,27852.54,10,1
139,3,1,3,90,0,1,20,27852.54,10,1
139,4,1,4,36,0,4,11,27852.54,10,1
139,5,1,5,74,0,2,11,27852.54,10,1
139,6,1,6,79,0,3,11,27852.54,10,1
82,-6,0,0,0,0,0,0,27140.07,1,1
82,-5,0,0,0,0,0,0,27140.07,1,1
82,-4,0,0,0,0,0,0,27140.07,1,1
82,-3,0,0,0,0,0,0,27140.07,1,1
82,-2,0,0,0,0,0,0,27140.07,1,1
82,-1,0,0,0,0,0,0,27140.07,1,1
82,0,0,0,4,0,3,0,27140.07,1,1
82,1,1,1,0,0,0,0,27140.07,1,1
82,2,1,2,0,0,0,0,27140.07,1,1
82,3,1,3,0,0,0,0,27140.07,1,1
82,4,1,4,4,1,0,0,27140.07,1,1
82,5,1,5,3,0,1,0,27140.07,1,1
82,6,1,6,0,0,1,0,27140.07,1,1
1530,-6,0,0,0,0,0,0,26625.91,2,6
1530,-5,0,0,0,0,0,0,26625.91,2,6
1530,-4,0,0,0,0,0,0,26625.91,2,6
1530,-3,0,0,0,0,0,0,26625.91,2,6
1530,-2,0,0,0,0,0,0,26625.91,2,6
1530,-1,0,0,39,0,10,0,26625.91,2,6
1530,0,0,0,0,0,0,0,26625.91,2,6
1530,1,1,1,0,0,2,0,26625.91,2,6
1530,2,1,2,0,0,2,0,26625.91,2,6
1530,3,1,3,2,0,15,0,26625.91,2,6
1530,4,1,4,15,0,18,0,26625.91,2,6
1530,5,1,5,7,0,6,0,26625.91,2,6
1530,6,1,6,13,1,10,0,26625.91,2,6
2235,-6,0,0,0,0,0,0,26457.71,4,5
2235,-5,0,0,0,0,0,0,26457.71,4,5
2235,-4,0,0,0,0,0,0,26457.71,4,5
2235,-3,0,0,0,0,0,0,26457.71,4,5
2235,-2,0,0,0,0,0,0,26457.71,4,5
2235,-1,0,0,0,0,0,0,26457.71,4,5
2235,0,0,0,0,0,0,0,26457.71,4,5
2235,1,1,1,0,0,0,0,26457.71,4,5
2235,2,1,2,0,0,0,0,26457.71,4,5
2235,3,1,3,5,2,0,4,26457.71,4,5
2235,4,1,4,55,0,2,4,26457.71,4,5
2235,5,1,5,0,0,2,4,26457.71,4,5
2235,6,1,6,0,0,2,1,26457.71,4,5
2851,-6,0,0,14,0,76,12,26323.6,3,1
2851,-5,0,0,27,0,126,3,26323.6,3,1
2851,-4,0,0,39,0,119,8,26323.6,3,1
2851,-3,0,0,50,1,384,27,26323.6,3,1
2851,-2,0,0,12,0,278,29,26323.6,3,1
2851,-1,0,0,17,0,370,37,26323.6,3,1
2851,0,0,0,24,9,249,128,26323.6,3,1
2851,1,1,1,57,1,272,47,26323.6,3,1
2851,2,1,2,41,1,417,47,26323.6,3,1
2851,3,1,3,56,9,539,149,26323.6,3,1
2851,4,1,4,32,2,495,101,26323.6,3,1
2851,5,1,5,67,1,594,72,26323.6,3,1
2851,6,1,6,42,2,506,29,26323.6,3,1
3510,-6,0,0,0,0,0,0,22961.22,1,1
3510,-5,0,0,0,0,0,0,22961.22,1,1
3510,-4,0,0,0,0,0,0,22961.22,1,1
3510,-3,0,0,0,0,0,0,22961.22,1,1
3510,-2,0,0,0,0,0,0,22961.22,1,1
3510,-1,0,0,0,0,0,0,22961.22,1,1
3510,0,0,0,10,0,4,0,22961.22,1,1
3510,1,1,1,9,38,0,13,22961.22,1,1
3510,2,1,2,6,0,5,13,22961.22,1,1
3510,3,1,3,16,13,1,48,22961.22,1,1
3510,4,1,4,19,0,2,5,22961.22,1,1
3510,5,1,5,11,0,0,1,22961.22,1,1
3510,6,1,6,153,7,1,48,22961.22,1,1
2918,-6,0,0,0,0,0,0,21938.36,3,1
2918,-5,0,0,0,0,0,0,21938.36,3,1
2918,-4,0,0,11,0,0,0,21938.36,3,1
2918,-3,0,0,1,0,0,1,21938.36,3,1
2918,-2,0,0,9,0,0,0,21938.36,3,1
2918,-1,0,0,3,0,0,0,21938.36,3,1
2918,0,0,0,21,1,3,1,21938.36,3,1
2918,1,1,1,16,0,3,3,21938.36,3,1
2918,2,1,2,24,0,1,1,21938.36,3,1
2918,3,1,3,33,0,8,8,21938.36,3,1
2918,4,1,4,4,3,2,7,21938.36,3,1
2918,5,1,5,6,2,6,1,21938.36,3,1
2918,6,1,6,1,0,5,1,21938.36,3,1
2262,-6,0,0,2,0,2,0,20919.01,3,1
2262,-5,0,0,2,1,1,0,20919.01,3,1
2262,-4,0,0,5,0,0,1,20919.01,3,1
2262,-3,0,0,0,0,2,0,20919.01,3,1
2262,-2,0,0,2,0,3,1,20919.01,3,1
2262,-1,0,0,1,0,5,0,20919.01,3,1
2262,0,0,0,8,0,4,3,20919.01,3,1
2262,1,1,1,7,2,7,13,20919.01,3,1
2262,2,1,2,0,7,8,8,20919.01,3,1
2262,3,1,3,0,1,4,0,20919.01,3,1
2262,4,1,4,0,4,6,3,20919.01,3,1
2262,5,1,5,0,2,3,1,20919.01,3,1
2262,6,1,6,0,1,8,1,20919.01,3,1
1211,-6,0,0,442,0,0,0,20317.56,6,26
1211,-5,0,0,549,1,1,0,20317.56,6,26
1211,-4,0,0,827,0,1,0,20317.56,6,26
1211,-3,0,0,600,1,0,0,20317.56,6,26
1211,-2,0,0,427,0,0,0,20317.56,6,26
1211,-1,0,0,469,0,0,0,20317.56,6,26
1211,0,0,0,274,2,1,1,20317.56,6,26
1211,1,1,1,457,0,2,0,20317.56,6,26
1211,2,1,2,395,0,1,0,20317.56,6,26
1211,3,1,3,202,0,1,0,20317.56,6,26
1211,4,1,4,83,0,0,0,20317.56,6,26
1211,5,1,5,93,0,0,0,20317.56,6,26
1211,6,1,6,84,0,0,0,20317.56,6,26
3004,-6,0,0,84,0,0,0,19996.24,2,25
3004,-5,0,0,161,0,0,0,19996.24,2,25
3004,-4,0,0,240,0,0,0,19996.24,2,25
3004,-3,0,0,309,0,0,0,19996.24,2,25
3004,-2,0,0,76,0,0,0,19996.24,2,25
3004,-1,0,0,102,0,0,0,19996.24,2,25
3004,0,0,0,108,0,0,0,19996.24,2,25
3004,1,1,1,207,0,0,0,19996.24,2,25
3004,2,1,2,193,22,5,28,19996.24,2,25
3004,3,1,3,632,40,14,158,19996.24,2,25
3004,4,1,4,723,13,28,70,19996.24,2,25
3004,5,1,5,493,25,16,231,19996.24,2,25
3004,6,1,6,452,22,24,155,19996.24,2,25
3930,-6,0,0,4,0,2,2,19759.06,1,7
3930,-5,0,0,4,1,0,0,19759.06,1,7
3930,-4,0,0,4,0,0,0,19759.06,1,7
3930,-3,0,0,4,2,0,2,19759.06,1,7
3930,-2,0,0,2,0,0,2,19759.06,1,7
3930,-1,0,0,0,0,0,0,19759.06,1,7
3930,0,0,0,3,0,0,0,19759.06,1,7
3930,1,1,1,0,0,0,0,19759.06,1,7
3930,2,1,2,0,0,1,0,19759.06,1,7
3930,3,1,3,0,0,0,1,19759.06,1,7
3930,4,1,4,0,0,1,2,19759.06,1,7
3930,5,1,5,0,0,0,0,19759.06,1,7
3930,6,1,6,0,2,1,2,19759.06,1,7
2979,-6,0,0,0,0,0,0,19640.93,3,5
2979,-5,0,0,0,0,0,0,19640.93,3,5
2979,-4,0,0,0,0,0,0,19640.93,3,5
2979,-3,0,0,6,0,0,0,19640.93,3,5
2979,-2,0,0,20,0,0,0,19640.93,3,5
2979,-1,0,0,40,0,0,0,19640.93,3,5
2979,0,0,0,20,0,0,0,19640.93,3,5
2979,1,1,1,38,0,0,0,19640.93,3,5
2979,2,1,2,14,0,0,0,19640.93,3,5
2979,3,1,3,14,0,0,0,19640.93,3,5
2979,4,1,4,1,0,0,0,19640.93,3,5
2979,5,1,5,4,0,0,0,19640.93,3,5
2979,6,1,6,82,0,1,10,19640.93,3,5
358,-6,0,0,6,0,9,9,18302.0,9,1
358,-5,0,0,0,0,6,6,18302.0,9,1
358,-4,0,0,3,1,1,2,18302.0,9,1
358,-3,0,0,4,1,2,2,18302.0,9,1
358,-2,0,0,1,0,4,2,18302.0,9,1
358,-1,0,0,5,1,6,5,18302.0,9,1
358,0,0,0,4,1,7,7,18302.0,9,1
358,1,1,1,7,1,4,47,18302.0,9,1
358,2,1,2,18,0,7,30,18302.0,9,1
358,3,1,3,21,1,1,16,18302.0,9,1
358,4,1,4,2,0,6,6,18302.0,9,1
358,5,1,5,0,0,5,1,18302.0,9,1
358,6,1,6,0,1,2,3,18302.0,9,1
198,-6,0,0,143,0,4,0,17759.21,7,14
198,-5,0,0,69,0,54,1,17759.21,7,14
198,-4,0,0,62,0,16,4,17759.21,7,14
198,-3,0,0,30,0,15,2,17759.21,7,14
198,-2,0,0,90,0,7,29,17759.21,7,14
198,-1,0,0,102,0,17,67,17759.21,7,14
198,0,0,0,37,1,22,14,17759.21,7,14
198,1,1,1,72,1,15,41,17759.21,7,14
198,2,1,2,41,0,9,3,17759.21,7,14
198,3,1,3,39,0,14,31,17759.21,7,14
198,4,1,4,60,3,15,33,17759.21,7,14
198,5,1,5,19,3,20,7,17759.21,7,14
198,6,1,6,4,0,10,10,17759.21,7,14
308,-6,0,0,1,0,0,0,17626.65,9,5
308,-5,0,0,3,0,0,0,17626.65,9,5
308,-4,0,0,77,0,30,6,17626.65,9,5
308,-3,0,0,17,0,16,4,17626.65,9,5
308,-2,0,0,0,0,42,0,17626.65,9,5
308,-1,0,0,0,0,23,1,17626.65,9,5
308,0,0,0,0,0,8,0,17626.65,9,5
308,1,1,1,22,0,9,15,17626.65,9,5
308,2,1,2,123,0,16,16,17626.65,9,5
308,3,1,3,132,0,7,9,17626.65,9,5
308,4,1,4,130,0,9,4,17626.65,9,5
308,5,1,5,246,5,12,32,17626.65,9,5
308,6,1,6,153,3,15,57,17626.65,9,5
1996,-6,0,0,0,0,0,0,17156.44,4,1
1996,-5,0,0,0,0,0,0,17156.44,4,1
1996,-4,0,0,0,0,0,0,17156.44,4,1
1996,-3,0,0,0,0,0,0,17156.44,4,1
1996,-2,0,0,6,0,2,27,17156.44,4,1
1996,-1,0,0,17,1,47,50,17156.44,4,1
1996,0,0,0,0,1,26,0,17156.44,4,1
1996,1,1,1,10,0,23,12,17156.44,4,1
1996,2,1,2,0,2,16,3,17156.44,4,1
1996,3,1,3,0,2,6,1,17156.44,4,1
1996,4,1,4,0,0,10,1,17156.44,4,1
1996,5,1,5,0,1,15,0,17156.44,4,1
1996,6,1,6,0,0,15,0,17156.44,4,1
246,-6,0,0,0,0,0,0,16917.57,3,1
246,-5,0,0,0,0,0,0,16917.57,3,1
246,-4,0,0,0,0,0,0,16917.57,3,1
246,-3,0,0,0,0,0,0,16917.57,3,1
246,-2,0,0,0,0,0,0,16917.57,3,1
246,-1,0,0,5,1,0,6,16917.57,3,1
246,0,0,0,30,0,5,11,16917.57,3,1
246,1,1,1,19,1,12,0,16917.57,3,1
246,2,1,2,16,0,4,1,16917.57,3,1
246,3,1,3,16,3,10,4,16917.57,3,1
246,4,1,4,26,2,5,0,16917.57,3,1
246,5,1,5,52,3,12,1,16917.57,3,1
246,6,1,6,52,4,9,2,16917.57,3,1
519,-6,0,0,0,0,0,0,16735.72,7,8
519,-5,0,0,0,0,0,0,16735.72,7,8
519,-4,0,0,0,0,0,0,16735.72,7,8
519,-3,0,0,0,0,0,0,16735.72,7,8
519,-2,0,0,9,0,1,0,16735.72,7,8
519,-1,0,0,130,0,17,0,16735.72,7,8
519,0,0,0,21,3,12,10,16735.72,7,8
519,1,1,1,27,0,5,26,16735.72,7,8
519,2,1,2,75,2,6,2,16735.72,7,8
519,3,1,3,60,9,3,15,16735.72,7,8
519,4,1,4,37,5,11,16,16735.72,7,8
519,5,1,5,97,3,16,12,16735.72,7,8
519,6,1,6,3,1,6,3,16735.72,7,8
1090,-6,0,0,0,0,0,0,16267.49,3,1
1090,-5,0,0,0,0,0,0,16267.49,3,1
1090,-4,0,0,0,0,0,0,16267.49,3,1
1090,-3,0,0,0,0,0,0,16267.49,3,1
1090,-2,0,0,0,0,0,0,16267.49,3,1
1090,-1,0,0,0,0,0,0,16267.49,3,1
1090,0,0,0,0,0,0,0,16267.49,3,1
1090,1,1,1,0,0,0,0,16267.49,3,1
1090,2,1,2,0,0,0,0,16267.49,3,1
1090,3,1,3,28,0,0,0,16267.49,3,1
1090,4,1,4,0,1,1,1,16267.49,3,1
1090,5,1,5,0,0,2,0,16267.49,3,1
1090,6,1,6,0,0,1,0,16267.49,3,1
936,-6,0,0,2,0,0,0,16226.75,2,17
936,-5,0,0,8,0,0,0,16226.75,2,17
936,-4,0,0,0,0,0,0,16226.75,2,17
936,-3,0,0,2,0,0,0,16226.75,2,17
936,-2,0,0,9,0,0,0,16226.75,2,17
936,-1,0,0,2,0,2,0,16226.75,2,17
936,0,0,0,2,0,4,0,16226.75,2,17
936,1,1,1,132,1,4,0,16226.75,2,17
936,2,1,2,18,0,2,2,16226.75,2,17
936,3,1,3,11,0,1,0,16226.75,2,17
936,4,1,4,84,1,0,1,16226.75,2,17
936,5,1,5,147,0,3,2,16226.75,2,17
936,6,1,6,24,1,3,6,16226.75,2,17
1155,-6,0,0,3,0,0,0,16167.16,6,17
1155,-5,0,0,43,0,0,0,16167.16,6,17
1155,-4,0,0,53,0,0,0,16167.16,6,17
1155,-3,0,0,131,0,0,0,16167.16,6,17
1155,-2,0,0,32,0,0,0,16167.16,6,17
1155,-1,0,0,87,0,0,0,16167.16,6,17
1155,0,0,0,29,0,0,0,16167.16,6,17
1155,1,1,1,91,3,0,7,16167.16,6,17
1155,2,1,2,69,9,5,140,16167.16,6,17
1155,3,1,3,41,4,3,68,16167.16,6,17
1155,4,1,4,26,10,6,227,16167.16,6,17
1155,5,1,5,66,2,5,493,16167.16,6,17
1155,6,1,6,190,3,7,503,16167.16,6,17
596,-6,0,0,0,0,10,58,15891.16,3,1
596,-5,0,0,0,0,18,48,15891.16,3,1
596,-4,0,0,0,0,19,27,15891.16,3,1
596,-3,0,0,0,0,8,33,15891.16,3,1
596,-2,0,0,0,0,9,18,15891.16,3,1
596,-1,0,0,0,0,10,21,15891.16,3,1
596,0,0,0,0,0,5,17,15891.16,3,1
596,1,1,1,0,0,22,46,15891.16,3,1
596,2,1,2,0,1,18,45,15891.16,3,1
596,3,1,3,0,0,9,60,15891.16,3,1
596,4,1,4,0,0,15,55,15891.16,3,1
596,5,1,5,0,0,18,16,15891.16,3,1
596,6,1,6,0,0,13,49,15891.16,3,1
2265,-6,0,0,16,0,0,0,14103.7,4,8
2265,-5,0,0,12,0,0,0,14103.7,4,8
2265,-4,0,0,10,0,0,0,14103.7,4,8
2265,-3,0,0,5,0,0,0,14103.7,4,8
2265,-2,0,0,3,0,0,0,14103.7,4,8
2265,-1,0,0,3,0,0,0,14103.7,4,8
2265,0,0,0,20,0,0,0,14103.7,4,8
2265,1,1,1,1,0,0,0,14103.7,4,8
2265,2,1,2,11,4,0,0,14103.7,4,8
2265,3,1,3,72,2,0,4,14103.7,4,8
2265,4,1,4,41,0,0,3,14103.7,4,8
2265,5,1,5,58,5,0,8,14103.7,4,8
2265,6,1,6,98,1,0,61,14103.7,4,8
3364,-6,0,0,74,1,36,90,13930.15,2,1
3364,-5,0,0,87,3,35,117,13930.15,2,1
3364,-4,0,0,56,7,39,220,13930.15,2,1
3364,-3,0,0,57,7,55,171,13930.15,2,1
3364,-2,0,0,69,16,40,133,13930.15,2,1
3364,-1,0,0,95,7,44,82,13930.15,2,1
3364,0,0,0,99,5,59,174,13930.15,2,1
3364,1,1,1,88,16,50,95,13930.15,2,1
3364,2,1,2,79,8,58,156,13930.15,2,1
3364,3,1,3,56,6,62,90,13930.15,2,1
3364,4,1,4,57,5,57,145,13930.15,2,1
3364,5,1,5,78,3,62,141,13930.15,2,1
3364,6,1,6,90,10,69,109,13930.15,2,1
2229,-6,0,0,451,0,0,0,13586.98,4,32
2229,-5,0,0,523,0,0,0,13586.98,4,32
2229,-4,0,0,310,0,3,0,13586.98,4,32
2229,-3,0,0,277,0,2,26,13586.98,4,32
2229,-2,0,0,226,1,2,4,13586.98,4,32
2229,-1,0,0,398,0,1,13,13586.98,4,32
2229,0,0,0,584,0,3,24,13586.98,4,32
2229,1,1,1,952,3,5,6,13586.98,4,32
2229,2,1,2,400,7,5,12,13586.98,4,32
2229,3,1,3,93,0,7,0,13586.98,4,32
2229,4,1,4,131,0,11,8,13586.98,4,32
2229,5,1,5,186,3,7,4,13586.98,4,32
2229,6,1,6,161,2,40,20,13586.98,4,32
213,-6,0,0,0,0,0,0,12945.62,9,13
213,-5,0,0,0,0,0,0,12945.62,9,13
213,-4,0,0,0,0,0,0,12945.62,9,13
213,-3,0,0,28,0,0,0,12945.62,9,13
213,-2,0,0,8,0,0,0,12945.62,9,13
213,-1,0,0,9,0,1,2,12945.62,9,13
213,0,0,0,24,0,1,6,12945.62,9,13
213,1,1,1,60,2,6,15,12945.62,9,13
213,2,1,2,162,2,13,34,12945.62,9,13
213,3,1,3,241,0,9,32,12945.62,9,13
213,4,1,4,146,0,7,12,12945.62,9,13
213,5,1,5,237,0,1,31,12945.62,9,13
213,6,1,6,264,6,9,28,12945.62,9,13
159,-6,0,0,164,0,8,268,12724.77,4,1
159,-5,0,0,217,1,51,409,12724.77,4,1
159,-4,0,0,214,0,30,309,12724.77,4,1
159,-3,0,0,275,0,86,229,12724.77,4,1
159,-2,0,0,349,0,18,145,12724.77,4,1
159,-1,0,0,189,0,22,145,12724.77,4,1
159,0,0,0,100,0,15,126,12724.77,4,1
159,1,1,1,92,0,9,235,12724.77,4,1
159,2,1,2,176,0,28,180,12724.77,4,1
159,3,1,3,225,1,31,123,12724.77,4,1
159,4,1,4,118,0,18,145,12724.77,4,1
159,5,1,5,129,0,6,168,12724.77,4,1
159,6,1,6,146,3,49,147,12724.77,4,1
3595,-6,0,0,0,0,0,0,11942.64,2,1
3595,-5,0,0,0,0,0,0,11942.64,2,1
3595,-4,0,0,49,2,48,28,11942.64,2,1
3595,-3,0,0,30,0,4,2,11942.64,2,1
3595,-2,0,0,31,3,6,2,11942.64,2,1
3595,-1,0,0,67,2,149,47,11942.64,2,1
3595,0,0,0,17,1,13,24,11942.64,2,1
3595,1,1,1,4,0,14,14,11942.64,2,1
3595,2,1,2,13,1,29,25,11942.64,2,1
3595,3,1,3,0,0,29,0,11942.64,2,1
3595,4,1,4,24,0,15,11,11942.64,2,1
3595,5,1,5,4,0,15,19,11942.64,2,1
3595,6,1,6,4,0,20,8,11942.64,2,1
3525,-6,0,0,0,0,0,0,11824.34,2,1
3525,-5,0,0,0,0,0,0,11824.34,2,1
3525,-4,0,0,0,0,0,0,11824.34,2,1
3525,-3,0,0,0,0,0,0,11824.34,2,1
3525,-2,0,0,0,0,0,0,11824.34,2,1
3525,-1,0,0,0,0,0,0,11824.34,2,1
3525,0,0,0,0,0,6,1,11824.34,2,1
3525,1,1,1,0,0,7,0,11824.34,2,1
3525,2,1,2,3,0,1,0,11824.34,2,1
3525,3,1,3,3,0,1,0,11824.34,2,1
3525,4,1,4,0,0,0,0,11824.34,2,1
3525,5,1,5,0,0,1,0,11824.34,2,1
3525,6,1,6,0,0,0,0,11824.34,2,1
233,-6,0,0,0,2,14,5,11494.42,5,1
233,-5,0,0,11,0,14,4,11494.42,5,1
233,-4,0,0,1,0,15,9,11494.42,5,1
233,-3,0,0,0,0,14,0,11494.42,5,1
233,-2,0,0,1,1,16,4,11494.42,5,1
233,-1,0,0,3,0,19,0,11494.42,5,1
233,0,0,0,1,0,11,1,11494.42,5,1
233,1,1,1,5,2,21,10,11494.42,5,1
233,2,1,2,34,4,14,5,11494.42,5,1
233,3,1,3,18,2,15,13,11494.42,5,1
233,4,1,4,4,1,23,23,11494.42,5,1
233,5,1,5,10,2,18,16,11494.42,5,1
233,6,1,6,0,0,11,1,11494.42,5,1
1112,-6,0,0,66,0,0,0,11381.72,4,2
1112,-5,0,0,0,0,0,0,11381.72,4,2
1112,-4,0,0,0,0,0,0,11381.72,4,2
1112,-3,0,0,5,0,0,0,11381.72,4,2
1112,-2,0,0,19,0,0,0,11381.72,4,2
1112,-1,0,0,53,0,0,22,11381.72,4,2
1112,0,0,0,34,0,0,15,11381.72,4,2
1112,1,1,1,6,0,0,0,11381.72,4,2
1112,2,1,2,19,0,0,3,11381.72,4,2
1112,3,1,3,23,0,0,20,11381.72,4,2
1112,4,1,4,17,0,0,25,11381.72,4,2
1112,5,1,5,3,0,0,0,11381.72,4,2
1112,6,1,6,1,0,0,0,11381.72,4,2
36,-6,0,0,6,0,4,0,11166.36,8,6
36,-5,0,0,5,0,1,0,11166.36,8,6
36,-4,0,0,26,2,43,2,11166.36,8,6
36,-3,0,0,0,0,2,0,11166.36,8,6
36,-2,0,0,3,0,8,0,11166.36,8,6
36,-1,0,0,3,0,38,0,11166.36,8,6
36,0,0,0,358,0,42,5,11166.36,8,6
36,1,1,1,146,0,28,5,11166.36,8,6
36,2,1,2,61,8,30,16,11166.36,8,6
36,3,1,3,31,2,36,0,11166.36,8,6
36,4,1,4,29,0,18,11,11166.36,8,6
36,5,1,5,64,0,12,0,11166.36,8,6
36,6,1,6,103,0,11,3,11166.36,8,6
2239,-6,0,0,0,0,0,0,11158.76,4,1
2239,-5,0,0,0,0,0,0,11158.76,4,1
2239,-4,0,0,0,0,0,0,11158.76,4,1
2239,-3,0,0,0,0,0,0,11158.76,4,1
2239,-2,0,0,0,0,0,0,11158.76,4,1
2239,-1,0,0,0,0,0,0,11158.76,4,1
2239,0,0,0,4,0,1,4,11158.76,4,1
2239,1,1,1,10,0,3,9,11158.76,4,1
2239,2,1,2,10,0,7,9,11158.76,4,1
2239,3,1,3,0,0,1,0,11158.76,4,1
2239,4,1,4,1,0,1,1,11158.76,4,1
2239,5,1,5,2,0,3,1,11158.76,4,1
2239,6,1,6,1,1,2,3,11158.76,4,1
274,-6,0,0,0,0,0,0,11077.31,10,5
274,-5,0,0,0,0,0,0,11077.31,10,5
274,-4,0,0,0,0,0,0,11077.31,10,5
274,-3,0,0,0,0,0,0,11077.31,10,5
274,-2,0,0,0,0,0,0,11077.31,10,5
274,-1,0,0,0,0,0,0,11077.31,10,5
274,0,0,0,0,0,0,0,11077.31,10,5
274,1,1,1,15,0,0,0,11077.31,10,5
274,2,1,2,7,0,1,0,11077.31,10,5
274,3,1,3,17,0,2,0,11077.31,10,5
274,4,1,4,0,0,3,0,11077.31,10,5
274,5,1,5,2,0,0,0,11077.31,10,5
274,6,1,6,27,1,0,0,11077.31,10,5
3414,-6,0,0,0,0,0,0,10878.89,2,1
3414,-5,0,0,0,0,0,0,10878.89,2,1
3414,-4,0,0,0,0,0,0,10878.89,2,1
3414,-3,0,0,0,0,0,0,10878.89,2,1
3414,-2,0,0,0,0,27,13,10878.89,2,1
3414,-1,0,0,0,1,29,85,10878.89,2,1
3414,0,0,0,0,7,174,63,10878.89,2,1
3414,1,1,1,0,0,133,75,10878.89,2,1
3414,2,1,2,0,1,140,48,10878.89,2,1
3414,3,1,3,0,1,158,26,10878.89,2,1
3414,4,1,4,0,1,399,13,10878.89,2,1
3414,5,1,5,0,1,191,7,10878.89,2,1
3414,6,1,6,0,1,265,12,10878.89,2,1
231,-6,0,0,38,5,1,2,10873.02,9,10
231,-5,0,0,14,2,0,1,10873.02,9,10
231,-4,0,0,50,0,3,3,10873.02,9,10
231,-3,0,0,6,1,2,0,10873.02,9,10
231,-2,0,0,2,1,0,0,10873.02,9,10
231,-1,0,0,59,0,0,0,10873.02,9,10
231,0,0,0,69,0,0,0,10873.02,9,10
231,1,1,1,71,0,0,0,10873.02,9,10
231,2,1,2,60,1,0,0,10873.02,9,10
231,3,1,3,3,3,0,0,10873.02,9,10
231,4,1,4,17,0,0,0,10873.02,9,10
231,5,1,5,0,4,0,0,10873.02,9,10
231,6,1,6,0,1,0,0,10873.02,9,10
22,-6,0,0,376,73,1008,1054,10721.62,7,226
22,-5,0,0,471,67,1102,797,10721.62,7,226
22,-4,0,0,538,82,1066,715,10721.62,7,226
22,-3,0,0,389,70,1166,328,10721.62,7,226
22,-2,0,0,438,50,917,366,10721.62,7,226
22,-1,0,0,301,62,1123,334,10721.62,7,226
22,0,0,0,849,70,772,398,10721.62,7,226
22,1,1,1,205,38,696,79,10721.62,7,226
22,2,1,2,355,92,1072,497,10721.62,7,226
22,3,1,3,495,70,741,414,10721.62,7,226
22,4,1,4,387,52,873,273,10721.62,7,226
22,5,1,5,556,64,655,465,10721.62,7,226
22,6,1,6,381,44,591,396,10721.62,7,226
2758,-6,0,0,0,0,0,0,10634.86,3,1
2758,-5,0,0,0,0,0,0,10634.86,3,1
2758,-4,0,0,0,0,0,0,10634.86,3,1
2758,-3,0,0,0,0,0,0,10634.86,3,1
2758,-2,0,0,149,4,2,10,10634.86,3,1
2758,-1,0,0,85,2,16,11,10634.86,3,1
2758,0,0,0,58,1,5,3,10634.86,3,1
2758,1,1,1,39,1,0,3,10634.86,3,1
2758,2,1,2,56,0,0,6,10634.86,3,1
2758,3,1,3,48,0,0,4,10634.86,3,1
2758,4,1,4,48,0,0,6,10634.86,3,1
2758,5,1,5,40,1,1,0,10634.86,3,1
2758,6,1,6,34,0,1,0,10634.86,3,1
296,-6,0,0,0,0,0,0,10458.4,4,1
296,-5,0,0,0,0,0,0,10458.4,4,1
296,-4,0,0,0,0,0,0,10458.4,4,1
296,-3,0,0,0,0,0,0,10458.4,4,1
296,-2,0,0,0,0,0,0,10458.4,4,1
296,-1,0,0,0,0,0,0,10458.4,4,1
296,0,0,0,0,0,0,0,10458.4,4,1
296,1,1,1,0,0,0,0,10458.4,4,1
296,2,1,2,0,0,0,0,10458.4,4,1
296,3,1,3,0,0,0,0,10458.4,4,1
296,4,1,4,0,0,0,0,10458.4,4,1
296,5,1,5,0,0,0,0,10458.4,4,1
296,6,1,6,0,0,0,0,10458.4,4,1
959,-6,0,0,0,0,0,0,10109.87,3,1
959,-5,0,0,0,0,0,0,10109.87,3,1
959,-4,0,0,0,0,0,0,10109.87,3,1
959,-3,0,0,4,0,0,0,10109.87,3,1
959,-2,0,0,34,0,0,0,10109.87,3,1
959,-1,0,0,88,0,0,0,10109.87,3,1
959,0,0,0,20,0,1,0,10109.87,3,1
959,1,1,1,67,0,2,87,10109.87,3,1
959,2,1,2,21,0,0,30,10109.87,3,1
959,3,1,3,21,0,0,35,10109.87,3,1
959,4,1,4,30,0,1,34,10109.87,3,1
959,5,1,5,17,0,0,42,10109.87,3,1
959,6,1,6,2,0,0,2,10109.87,3,1
145,-6,0,0,40,0,0,0,9369.37,6,1
145,-5,0,0,39,0,0,0,9369.37,6,1
145,-4,0,0,33,2,7,0,9369.37,6,1
145,-3,0,0,39,6,9,15,9369.37,6,1
145,-2,0,0,54,0,4,0,9369.37,6,1
145,-1,0,0,21,0,4,3,9369.37,6,1
145,0,0,0,24,0,0,0,9369.37,6,1
145,1,1,1,38,0,5,4,9369.37,6,1
145,2,1,2,1,0,1,0,9369.37,6,1
145,3,1,3,34,2,2,16,9369.37,6,1
145,4,1,4,12,0,3,1,9369.37,6,1
145,5,1,5,4,1,3,0,9369.37,6,1
145,6,1,6,0,1,4,0,9369.37,6,1
2841,-6,0,0,0,0,0,0,9351.58,3,1
2841,-5,0,0,0,0,0,0,9351.58,3,1
2841,-4,0,0,0,0,0,0,9351.58,3,1
2841,-3,0,0,11,0,0,1,9351.58,3,1
2841,-2,0,0,23,0,0,0,9351.58,3,1
2841,-1,0,0,22,0,0,14,9351.58,3,1
2841,0,0,0,52,0,0,31,9351.58,3,1
2841,1,1,1,5,0,1,9,9351.58,3,1
2841,2,1,2,12,0,1,21,9351.58,3,1
2841,3,1,3,22,0,0,0,9351.58,3,1
2841,4,1,4,16,0,11,0,9351.58,3,1
2841,5,1,5,35,0,3,1,9351.58,3,1
2841,6,1,6,62,0,2,13,9351.58,3,1
1534,-6,0,0,8,0,6,59,9304.12,5,1
1534,-5,0,0,0,0,4,8,9304.12,5,1
1534,-4,0,0,6,0,2,28,9304.12,5,1
1534,-3,0,0,4,0,6,27,9304.12,5,1
1534,-2,0,0,6,0,3,38,9304.12,5,1
1534,-1,0,0,26,1,3,61,9304.12,5,1
1534,0,0,0,15,0,15,29,9304.12,5,1
1534,1,1,1,6,0,10,27,9304.12,5,1
1534,2,1,2,6,0,7,28,9304.12,5,1
1534,3,1,3,2,0,6,35,9304.12,5,1
1534,4,1,4,14,1,5,80,9304.12,5,1
1534,5,1,5,7,0,16,25,9304.12,5,1
1534,6,1,6,25,1,14,64,9304.12,5,1
65,-6,0,0,5,2,22,64,9243.78,11,1
65,-5,0,0,7,1,33,116,9243.78,11,1
65,-4,0,0,9,2,33,161,9243.78,11,1
65,-3,0,0,4,1,36,72,9243.78,11,1
65,-2,0,0,12,0,24,218,9243.78,11,1
65,-1,0,0,3,2,36,31,9243.78,11,1
65,0,0,0,5,0,27,102,9243.78,11,1
65,1,1,1,20,2,56,195,9243.78,11,1
65,2,1,2,14,0,50,263,9243.78,11,1
65,3,1,3,9,0,31,72,9243.78,11,1
65,4,1,4,4,0,26,42,9243.78,11,1
65,5,1,5,4,0,28,31,9243.78,11,1
65,6,1,6,19,0,17,73,9243.78,11,1
259,-6,0,0,270,1,17,34,8670.15,7,20
259,-5,0,0,181,0,16,9,8670.15,7,20
259,-4,0,0,114,0,18,32,8670.15,7,20
259,-3,0,0,89,0,16,16,8670.15,7,20
259,-2,0,0,93,0,10,17,8670.15,7,20
259,-1,0,0,143,0,7,12,8670.15,7,20
259,0,0,0,132,0,4,13,8670.15,7,20
259,1,1,1,18,1,16,10,8670.15,7,20
259,2,1,2,62,0,13,7,8670.15,7,20
259,3,1,3,18,0,11,14,8670.15,7,20
259,4,1,4,33,3,20,30,8670.15,7,20
259,5,1,5,38,1,20,36,8670.15,7,20
259,6,1,6,1,0,8,8,8670.15,7,20
1625,-6,0,0,0,0,0,0,8334.73,5,2
1625,-5,0,0,0,0,0,0,8334.73,5,2
1625,-4,0,0,0,0,0,0,8334.73,5,2
1625,-3,0,0,0,0,0,0,8334.73,5,2
1625,-2,0,0,0,0,0,0,8334.73,5,2
1625,-1,0,0,0,0,0,0,8334.73,5,2
1625,0,0,0,0,0,0,0,8334.73,5,2
1625,1,1,1,0,0,0,0,8334.73,5,2
1625,2,1,2,0,0,0,0,8334.73,5,2
1625,3,1,3,16,0,2,0,8334.73,5,2
1625,4,1,4,51,0,8,3,8334.73,5,2
1625,5,1,5,16,0,4,0,8334.73,5,2
1625,6,1,6,2,0,0,0,8334.73,5,2
2271,-6,0,0,117,0,2,0,8168.99,4,7
2271,-5,0,0,95,0,3,0,8168.99,4,7
2271,-4,0,0,229,0,3,0,8168.99,4,7
2271,-3,0,0,104,0,2,0,8168.99,4,7
2271,-2,0,0,86,0,5,0,8168.99,4,7
2271,-1,0,0,133,0,2,0,8168.99,4,7
2271,0,0,0,72,0,8,1,8168.99,4,7
2271,1,1,1,150,0,7,0,8168.99,4,7
2271,2,1,2,116,0,6,0,8168.99,4,7
2271,3,1,3,172,0,4,0,8168.99,4,7
2271,4,1,4,117,0,3,0,8168.99,4,7
2271,5,1,5,189,0,2,0,8168.99,4,7
2271,6,1,6,143,0,2,0,8168.99,4,7
2631,-6,0,0,0,0,18,16,8023.77,3,1
2631,-5,0,0,3,0,20,13,8023.77,3,1
2631,-4,0,0,3,0,19,1,8023.77,3,1
2631,-3,0,0,4,0,13,46,8023.77,3,1
2631,-2,0,0,2,0,22,12,8023.77,3,1
2631,-1,0,0,63,2,78,47,8023.77,3,1
2631,0,0,0,9,1,34,24,8023.77,3,1
2631,1,1,1,5,0,38,61,8023.77,3,1
2631,2,1,2,3,3,25,21,8023.77,3,1
2631,3,1,3,5,2,19,25,8023.77,3,1
2631,4,1,4,11,1,25,44,8023.77,3,1
2631,5,1,5,4,2,26,24,8023.77,3,1
2631,6,1,6,12,6,27,60,8023.77,3,1
1805,-6,0,0,230,0,0,0,7986.16,4,6
1805,-5,0,0,295,0,0,0,7986.16,4,6
1805,-4,0,0,647,0,0,0,7986.16,4,6
1805,-3,0,0,510,0,0,0,7986.16,4,6
1805,-2,0,0,639,0,0,0,7986.16,4,6
1805,-1,0,0,479,0,0,0,7986.16,4,6
1805,0,0,0,349,0,0,0,7986.16,4,6
1805,1,1,1,314,0,1,0,7986.16,4,6
1805,2,1,2,424,0,2,0,7986.16,4,6
1805,3,1,3,569,0,1,0,7986.16,4,6
1805,4,1,4,277,0,0,0,7986.16,4,6
1805,5,1,5,0,0,0,0,7986.16,4,6
1805,6,1,6,2,0,0,1,7986.16,4,6
1175,-6,0,0,0,0,0,0,7810.18,6,1
1175,-5,0,0,0,0,0,0,7810.18,6,1
1175,-4,0,0,0,0,0,0,7810.18,6,1
1175,-3,0,0,0,0,0,0,7810.18,6,1
1175,-2,0,0,0,0,0,0,7810.18,6,1
1175,-1,0,0,0,0,0,0,7810.18,6,1
1175,0,0,0,0,0,0,0,7810.18,6,1
1175,1,1,1,0,0,0,0,7810.18,6,1
1175,2,1,2,0,0,0,0,7810.18,6,1
1175,3,1,3,0,0,0,0,7810.18,6,1
1175,4,1,4,0,0,0,0,7810.18,6,1
1175,5,1,5,0,0,0,0,7810.18,6,1
1175,6,1,6,0,0,0,0,7810.18,6,1
2788,-6,0,0,0,0,0,0,7666.46,3,2
2788,-5,0,0,0,0,0,0,7666.46,3,2
2788,-4,0,0,0,0,0,0,7666.46,3,2
2788,-3,0,0,0,0,0,0,7666.46,3,2
2788,-2,0,0,0,0,0,0,7666.46,3,2
2788,-1,0,0,9,0,0,0,7666.46,3,2
2788,0,0,0,3,0,1,0,7666.46,3,2
2788,1,1,1,0,0,0,0,7666.46,3,2
2788,2,1,2,0,0,0,0,7666.46,3,2
2788,3,1,3,0,0,0,0,7666.46,3,2
2788,4,1,4,0,0,1,0,7666.46,3,2
2788,5,1,5,0,0,0,0,7666.46,3,2
2788,6,1,6,0,0,0,0,7666.46,3,2
899,-6,0,0,0,0,0,0,7406.39,6,1
899,-5,0,0,0,0,0,0,7406.39,6,1
899,-4,0,0,0,0,0,0,7406.39,6,1
899,-3,0,0,0,0,0,0,7406.39,6,1
899,-2,0,0,0,0,0,0,7406.39,6,1
899,-1,0,0,0,0,0,0,7406.39,6,1
899,0,0,0,0,0,0,0,7406.39,6,1
899,1,1,1,0,0,0,0,7406.39,6,1
899,2,1,2,0,0,0,0,7406.39,6,1
899,3,1,3,0,0,0,0,7406.39,6,1
899,4,1,4,0,0,0,0,7406.39,6,1
899,5,1,5,0,0,0,0,7406.39,6,1
899,6,1,6,0,0,0,0,7406.39,6,1
1599,-6,0,0,0,0,0,0,7402.53,2,1
1599,-5,0,0,0,0,0,0,7402.53,2,1
1599,-4,0,0,0,0,0,0,7402.53,2,1
1599,-3,0,0,0,0,0,0,7402.53,2,1
1599,-2,0,0,0,0,0,0,7402.53,2,1
1599,-1,0,0,0,0,0,0,7402.53,2,1
1599,0,0,0,0,0,0,0,7402.53,2,1
1599,1,1,1,0,0,0,0,7402.53,2,1
1599,2,1,2,0,0,0,0,7402.53,2,1
1599,3,1,3,0,0,0,0,7402.53,2,1
1599,4,1,4,1,0,0,0,7402.53,2,1
1599,5,1,5,0,0,0,0,7402.53,2,1
1599,6,1,6,0,0,0,0,7402.53,2,1
1005,-6,0,0,0,0,0,0,7358.31,6,1
1005,-5,0,0,0,0,0,0,7358.31,6,1
1005,-4,0,0,0,0,0,0,7358.31,6,1
1005,-3,0,0,0,2,6,7,7358.31,6,1
1005,-2,0,0,6,2,45,7,7358.31,6,1
1005,-1,0,0,40,5,74,36,7358.31,6,1
1005,0,0,0,16,1,33,3,7358.31,6,1
1005,1,1,1,0,2,11,0,7358.31,6,1
1005,2,1,2,0,1,13,0,7358.31,6,1
1005,3,1,3,0,0,8,0,7358.31,6,1
1005,4,1,4,0,0,13,0,7358.31,6,1
1005,5,1,5,0,0,18,0,7358.31,6,1
1005,6,1,6,0,0,14,1,7358.31,6,1
2743,-6,0,0,3,0,1,0,7268.53,3,1
2743,-5,0,0,2,0,0,0,7268.53,3,1
2743,-4,0,0,6,0,1,0,7268.53,3,1
2743,-3,0,0,6,0,1,0,7268.53,3,1
2743,-2,0,0,42,0,10,0,7268.53,3,1
2743,-1,0,0,32,0,0,0,7268.53,3,1
2743,0,0,0,67,0,8,0,7268.53,3,1
2743,1,1,1,32,0,7,0,7268.53,3,1
2743,2,1,2,35,0,10,0,7268.53,3,1
2743,3,1,3,32,0,7,0,7268.53,3,1
2743,4,1,4,14,0,5,0,7268.53,3,1
2743,5,1,5,29,0,4,0,7268.53,3,1
2743,6,1,6,22,0,11,0,7268.53,3,1
4144,-6,0,0,1,0,0,0,7096.67,1,8
4144,-5,0,0,0,1,1,0,7096.67,1,8
4144,-4,0,0,1,0,2,0,7096.67,1,8
4144,-3,0,0,3,0,0,0,7096.67,1,8
4144,-2,0,0,1,0,0,1,7096.67,1,8
4144,-1,0,0,16,0,1,0,7096.67,1,8
4144,0,0,0,68,2,5,0,7096.67,1,8
4144,1,1,1,27,6,2,12,7096.67,1,8
4144,2,1,2,14,7,10,7,7096.67,1,8
4144,3,1,3,17,0,2,3,7096.67,1,8
4144,4,1,4,1,0,0,1,7096.67,1,8
4144,5,1,5,5,0,0,0,7096.67,1,8
4144,6,1,6,3,0,1,0,7096.67,1,8
1141,-6,0,0,0,0,0,0,6979.31,6,1
1141,-5,0,0,0,0,0,0,6979.31,6,1
1141,-4,0,0,0,0,0,0,6979.31,6,1
1141,-3,0,0,0,0,0,0,6979.31,6,1
1141,-2,0,0,14,0,1,0,6979.31,6,1
1141,-1,0,0,71,1,6,52,6979.31,6,1
1141,0,0,0,7,0,2,1,6979.31,6,1
1141,1,1,1,0,1,4,0,6979.31,6,1
1141,2,1,2,0,0,4,0,6979.31,6,1
1141,3,1,3,0,0,1,0,6979.31,6,1
1141,4,1,4,0,0,0,0,6979.31,6,1
1141,5,1,5,0,0,1,0,6979.31,6,1
1141,6,1,6,0,0,1,0,6979.31,6,1
4287,-6,0,0,0,0,0,0,6393.35,1,5
4287,-5,0,0,0,0,0,0,6393.35,1,5
4287,-4,0,0,0,0,0,0,6393.35,1,5
4287,-3,0,0,0,1,11,0,6393.35,1,5
4287,-2,0,0,0,1,9,0,6393.35,1,5
4287,-1,0,0,0,0,2,0,6393.35,1,5
4287,0,0,0,0,0,4,0,6393.35,1,5
4287,1,1,1,0,0,0,0,6393.35,1,5
4287,2,1,2,0,0,1,0,6393.35,1,5
4287,3,1,3,0,0,0,0,6393.35,1,5
4287,4,1,4,0,0,3,0,6393.35,1,5
4287,5,1,5,0,0,2,0,6393.35,1,5
4287,6,1,6,0,0,1,0,6393.35,1,5
1855,-6,0,0,0,0,0,0,6099.34,4,10
1855,-5,0,0,0,0,0,0,6099.34,4,10
1855,-4,0,0,0,4,10,20,6099.34,4,10
1855,-3,0,0,0,2,21,34,6099.34,4,10
1855,-2,0,0,0,1,2,15,6099.34,4,10
1855,-1,0,0,0,2,1,15,6099.34,4,10
1855,0,0,0,0,3,5,24,6099.34,4,10
1855,1,1,1,0,1,5,14,6099.34,4,10
1855,2,1,2,0,0,4,12,6099.34,4,10
1855,3,1,3,0,2,3,7,6099.34,4,10
1855,4,1,4,0,4,2,2,6099.34,4,10
1855,5,1,5,0,3,3,6,6099.34,4,10
1855,6,1,6,0,12,4,28,6099.34,4,10
2196,-6,0,0,287,0,0,0,6027.44,4,10
2196,-5,0,0,178,1,0,0,6027.44,4,10
2196,-4,0,0,22,0,1,0,6027.44,4,10
2196,-3,0,0,41,0,1,0,6027.44,4,10
2196,-2,0,0,4,0,0,0,6027.44,4,10
2196,-1,0,0,19,0,2,0,6027.44,4,10
2196,0,0,0,38,1,0,0,6027.44,4,10
2196,1,1,1,26,0,0,0,6027.44,4,10
2196,2,1,2,4,1,0,0,6027.44,4,10
2196,3,1,3,0,1,0,0,6027.44,4,10
2196,4,1,4,0,0,1,0,6027.44,4,10
2196,5,1,5,0,1,0,0,6027.44,4,10
2196,6,1,6,0,1,0,1,6027.44,4,10
2871,-6,0,0,0,0,0,0,5947.92,3,1
2871,-5,0,0,0,0,0,0,5947.92,3,1
2871,-4,0,0,0,0,0,0,5947.92,3,1
2871,-3,0,0,0,0,0,0,5947.92,3,1
2871,-2,0,0,0,0,0,0,5947.92,3,1
2871,-1,0,0,46,0,5,0,5947.92,3,1
2871,0,0,0,30,20,32,94,5947.92,3,1
2871,1,1,1,0,0,5,0,5947.92,3,1
2871,2,1,2,0,0,7,0,5947.92,3,1
2871,3,1,3,0,0,1,0,5947.92,3,1
2871,4,1,4,0,0,10,0,5947.92,3,1
2871,5,1,5,0,0,2,0,5947.92,3,1
2871,6,1,6,0,0,8,0,5947.92,3,1
1375,-6,0,0,0,0,0,0,5864.02,3,1
1375,-5,0,0,0,0,0,0,5864.02,3,1
1375,-4,0,0,0,0,0,0,5864.02,3,1
1375,-3,0,0,0,0,0,0,5864.02,3,1
1375,-2,0,0,0,0,0,0,5864.02,3,1
1375,-1,0,0,41,0,1,21,5864.02,3,1
1375,0,0,0,114,0,1,163,5864.02,3,1
1375,1,1,1,62,1,5,125,5864.02,3,1
1375,2,1,2,80,1,19,31,5864.02,3,1
1375,3,1,3,38,0,3,11,5864.02,3,1
1375,4,1,4,47,1,8,22,5864.02,3,1
1375,5,1,5,67,1,7,43,5864.02,3,1
1375,6,1,6,63,0,5,9,5864.02,3,1
4232,-6,0,0,0,0,0,0,5683.46,1,1
4232,-5,0,0,0,0,0,0,5683.46,1,1
4232,-4,0,0,0,0,0,0,5683.46,1,1
4232,-3,0,0,0,0,0,0,5683.46,1,1
4232,-2,0,0,0,0,0,0,5683.46,1,1
4232,-1,0,0,0,0,0,0,5683.46,1,1
4232,0,0,0,2,0,1,0,5683.46,1,1
4232,1,1,1,0,0,0,0,5683.46,1,1
4232,2,1,2,0,0,0,0,5683.46,1,1
4232,3,1,3,0,0,0,0,5683.46,1,1
4232,4,1,4,0,0,0,0,5683.46,1,1
4232,5,1,5,0,0,0,0,5683.46,1,1
4232,6,1,6,0,0,0,0,5683.46,1,1
1571,-6,0,0,2,2,2,0,5572.52,3,15
1571,-5,0,0,5,1,2,1,5572.52,3,15
1571,-4,0,0,75,2,0,21,5572.52,3,15
1571,-3,0,0,12,2,1,0,5572.52,3,15
1571,-2,0,0,17,1,0,0,5572.52,3,15
1571,-1,0,0,51,3,1,39,5572.52,3,15
1571,0,0,0,0,0,1,0,5572.52,3,15
1571,1,1,1,0,0,0,0,5572.52,3,15
1571,2,1,2,24,0,0,0,5572.52,3,15
1571,3,1,3,98,11,1,14,5572.52,3,15
1571,4,1,4,95,8,4,9,5572.52,3,15
1571,5,1,5,60,2,1,5,5572.52,3,15
1571,6,1,6,65,0,1,1,5572.52,3,15
943,-6,0,0,0,0,0,0,5559.54,2,1
943,-5,0,0,1,0,0,0,5559.54,2,1
943,-4,0,0,23,0,65,6,5559.54,2,1
943,-3,0,0,8,0,37,23,5559.54,2,1
943,-2,0,0,3,0,12,4,5559.54,2,1
943,-1,0,0,21,1,27,11,5559.54,2,1
943,0,0,0,1,1,15,4,5559.54,2,1
943,1,1,1,46,2,46,23,5559.54,2,1
943,2,1,2,29,1,56,29,5559.54,2,1
943,3,1,3,17,3,53,5,5559.54,2,1
943,4,1,4,41,5,35,27,5559.54,2,1
943,5,1,5,35,7,38,33,5559.54,2,1
943,6,1,6,5,0,40,9,5559.54,2,1
1134,-6,0,0,58,0,0,0,5375.74,6,1
1134,-5,0,0,2,0,0,0,5375.74,6,1
1134,-4,0,0,0,0,0,0,5375.74,6,1
1134,-3,0,0,4,0,0,0,5375.74,6,1
1134,-2,0,0,0,0,1,0,5375.74,6,1
1134,-1,0,0,0,0,0,0,5375.74,6,1
1134,0,0,0,0,0,0,0,5375.74,6,1
1134,1,1,1,0,0,0,0,5375.74,6,1
1134,2,1,2,0,0,0,0,5375.74,6,1
1134,3,1,3,0,0,1,0,5375.74,6,1
1134,4,1,4,0,1,0,0,5375.74,6,1
1134,5,1,5,0,0,0,0,5375.74,6,1
1134,6,1,6,0,0,0,0,5375.74,6,1
290,-6,0,0,0,0,0,0,5373.03,3,1
290,-5,0,0,1,0,0,0,5373.03,3,1
290,-4,0,0,0,0,0,0,5373.03,3,1
290,-3,0,0,1,0,0,0,5373.03,3,1
290,-2,0,0,0,0,0,0,5373.03,3,1
290,-1,0,0,0,0,0,0,5373.03,3,1
290,0,0,0,0,0,0,0,5373.03,3,1
290,1,1,1,0,0,1,0,5373.03,3,1
290,2,1,2,0,0,0,0,5373.03,3,1
290,3,1,3,0,0,0,0,5373.03,3,1
290,4,1,4,4,0,0,0,5373.03,3,1
290,5,1,5,40,0,0,0,5373.03,3,1
290,6,1,6,16,0,0,0,5373.03,3,1
3522,-6,0,0,0,0,0,0,5294.5,2,1
3522,-5,0,0,0,0,0,0,5294.5,2,1
3522,-4,0,0,0,0,0,0,5294.5,2,1
3522,-3,0,0,0,0,0,0,5294.5,2,1
3522,-2,0,0,1,0,2,12,5294.5,2,1
3522,-1,0,0,0,0,1,5,5294.5,2,1
3522,0,0,0,4,0,0,3,5294.5,2,1
3522,1,1,1,3,1,8,6,5294.5,2,1
3522,2,1,2,0,1,10,4,5294.5,2,1
3522,3,1,3,1,0,5,22,5294.5,2,1
3522,4,1,4,0,0,7,0,5294.5,2,1
3522,5,1,5,0,0,7,8,5294.5,2,1
3522,6,1,6,1,0,4,21,5294.5,2,1
3600,-6,0,0,0,0,0,0,5286.26,2,1
3600,-5,0,0,0,0,0,0,5286.26,2,1
3600,-4,0,0,0,0,0,0,5286.26,2,1
3600,-3,0,0,0,0,0,0,5286.26,2,1
3600,-2,0,0,0,0,0,0,5286.26,2,1
3600,-1,0,0,0,0,0,0,5286.26,2,1
3600,0,0,0,0,0,0,0,5286.26,2,1
3600,1,1,1,0,0,0,0,5286.26,2,1
3600,2,1,2,0,0,0,0,5286.26,2,1
3600,3,1,3,14,0,5,0,5286.26,2,1
3600,4,1,4,0,0,1,0,5286.26,2,1
3600,5,1,5,0,0,0,0,5286.26,2,1
3600,6,1,6,0,0,0,0,5286.26,2,1
653,-6,0,0,0,2,8,3,5115.22,6,1
653,-5,0,0,12,0,13,25,5115.22,6,1
653,-4,0,0,5,0,11,95,5115.22,6,1
653,-3,0,0,11,0,15,37,5115.22,6,1
653,-2,0,0,57,0,8,96,5115.22,6,1
653,-1,0,0,12,0,27,31,5115.22,6,1
653,0,0,0,6,0,20,40,5115.22,6,1
653,1,1,1,4,0,8,55,5115.22,6,1
653,2,1,2,0,0,3,13,5115.22,6,1
653,3,1,3,0,0,1,2,5115.22,6,1
653,4,1,4,8,0,6,12,5115.22,6,1
653,5,1,5,27,0,10,1,5115.22,6,1
653,6,1,6,12,0,5,3,5115.22,6,1
3457,-6,0,0,82,0,0,0,5058.72,2,1
3457,-5,0,0,55,5,2,4,5058.72,2,1
3457,-4,0,0,37,7,5,26,5058.72,2,1
3457,-3,0,0,41,5,6,30,5058.72,2,1
3457,-2,0,0,0,0,2,0,5058.72,2,1
3457,-1,0,0,0,1,2,1,5058.72,2,1
3457,0,0,0,39,2,2,10,5058.72,2,1
3457,1,1,1,0,0,1,0,5058.72,2,1
3457,2,1,2,19,0,0,3,5058.72,2,1
3457,3,1,3,4,1,1,0,5058.72,2,1
3457,4,1,4,14,0,1,6,5058.72,2,1
3457,5,1,5,28,2,9,2,5058.72,2,1
3457,6,1,6,1,2,2,0,5058.72,2,1
1240,-6,0,0,0,0,0,0,5038.98,5,1
1240,-5,0,0,3,0,0,0,5038.98,5,1
1240,-4,0,0,0,0,1,0,5038.98,5,1
1240,-3,0,0,0,0,0,0,5038.98,5,1
1240,-2,0,0,0,0,0,0,5038.98,5,1
1240,-1,0,0,0,0,0,0,5038.98,5,1
1240,0,0,0,0,0,0,0,5038.98,5,1
1240,1,1,1,0,0,0,0,5038.98,5,1
1240,2,1,2,0,0,0,0,5038.98,5,1
1240,3,1,3,0,0,0,0,5038.98,5,1
1240,4,1,4,0,0,0,0,5038.98,5,1
1240,5,1,5,0,0,0,0,5038.98,5,1
1240,6,1,6,0,0,0,0,5038.98,5,1
634,-6,0,0,307,11,0,174,4824.41,6,46
634,-5,0,0,406,26,3,223,4824.41,6,46
634,-4,0,0,462,25,2,228,4824.41,6,46
634,-3,0,0,370,20,4,148,4824.41,6,46
634,-2,0,0,429,17,10,185,4824.41,6,46
634,-1,0,0,532,20,14,169,4824.41,6,46
634,0,0,0,403,29,16,184,4824.41,6,46
634,1,1,1,467,9,7,200,4824.41,6,46
634,2,1,2,243,11,11,136,4824.41,6,46
634,3,1,3,389,6,5,73,4824.41,6,46
634,4,1,4,864,16,8,88,4824.41,6,46
634,5,1,5,797,27,4,86,4824.41,6,46
634,6,1,6,307,18,2,56,4824.41,6,46
562,-6,0,0,0,0,0,0,4751.09,7,1
562,-5,0,0,0,0,0,0,4751.09,7,1
562,-4,0,0,0,0,0,0,4751.09,7,1
562,-3,0,0,0,0,0,0,4751.09,7,1
562,-2,0,0,0,0,0,0,4751.09,7,1
562,-1,0,0,0,0,0,0,4751.09,7,1
562,0,0,0,18,0,0,0,4751.09,7,1
562,1,1,1,0,0,1,0,4751.09,7,1
562,2,1,2,0,0,0,0,4751.09,7,1
562,3,1,3,0,0,1,0,4751.09,7,1
562,4,1,4,0,0,0,0,4751.09,7,1
562,5,1,5,0,0,0,0,4751.09,7,1
562,6,1,6,0,0,0,0,4751.09,7,1
2074,-6,0,0,320,0,0,0,4736.8,4,17
2074,-5,0,0,321,0,0,0,4736.8,4,17
2074,-4,0,0,315,0,0,0,4736.8,4,17
2074,-3,0,0,178,0,0,0,4736.8,4,17
2074,-2,0,0,183,0,0,0,4736.8,4,17
2074,-1,0,0,134,0,0,2,4736.8,4,17
2074,0,0,0,30,0,0,0,4736.8,4,17
2074,1,1,1,21,0,0,0,4736.8,4,17
2074,2,1,2,2,1,1,1,4736.8,4,17
2074,3,1,3,1,1,0,0,4736.8,4,17
2074,4,1,4,0,1,0,0,4736.8,4,17
2074,5,1,5,0,0,0,0,4736.8,4,17
2074,6,1,6,0,0,0,0,4736.8,4,17
547,-6,0,0,0,0,0,0,4601.95,1,1
547,-5,0,0,0,0,0,0,4601.95,1,1
547,-4,0,0,0,0,0,0,4601.95,1,1
547,-3,0,0,0,0,0,0,4601.95,1,1
547,-2,0,0,0,0,0,0,4601.95,1,1
547,-1,0,0,0,0,0,0,4601.95,1,1
547,0,0,0,19,0,1,28,4601.95,1,1
547,1,1,1,0,0,1,2,4601.95,1,1
547,2,1,2,0,0,1,2,4601.95,1,1
547,3,1,3,0,0,0,0,4601.95,1,1
547,4,1,4,0,0,0,0,4601.95,1,1
547,5,1,5,2,0,0,0,4601.95,1,1
547,6,1,6,1,0,0,2,4601.95,1,1
3501,-6,0,0,0,0,0,0,4520.64,2,1
3501,-5,0,0,0,0,0,0,4520.64,2,1
3501,-4,0,0,0,0,0,0,4520.64,2,1
3501,-3,0,0,0,0,0,0,4520.64,2,1
3501,-2,0,0,0,0,0,0,4520.64,2,1
3501,-1,0,0,0,0,0,0,4520.64,2,1
3501,0,0,0,0,0,0,0,4520.64,2,1
3501,1,1,1,8,0,0,0,4520.64,2,1
3501,2,1,2,0,0,0,0,4520.64,2,1
3501,3,1,3,0,0,0,0,4520.64,2,1
3501,4,1,4,0,0,0,0,4520.64,2,1
3501,5,1,5,0,0,0,0,4520.64,2,1
3501,6,1,6,0,0,0,0,4520.64,2,1
4276,-6,0,0,1,10,49,8,4455.87,1,23
4276,-5,0,0,2,5,17,9,4455.87,1,23
4276,-4,0,0,5,11,13,4,4455.87,1,23
4276,-3,0,0,18,4,24,7,4455.87,1,23
4276,-2,0,0,66,6,36,1,4455.87,1,23
4276,-1,0,0,34,3,27,1,4455.87,1,23
4276,0,0,0,80,1,78,27,4455.87,1,23
4276,1,1,1,10,1,70,0,4455.87,1,23
4276,2,1,2,63,14,35,16,4455.87,1,23
4276,3,1,3,44,3,36,22,4455.87,1,23
4276,4,1,4,114,14,42,16,4455.87,1,23
4276,5,1,5,72,2,15,3,4455.87,1,23
4276,6,1,6,346,11,104,147,4455.87,1,23
256,-6,0,0,0,0,2,0,3998.55,5,1
256,-5,0,0,1,0,3,0,3998.55,5,1
256,-4,0,0,0,0,0,0,3998.55,5,1
256,-3,0,0,0,0,0,0,3998.55,5,1
256,-2,0,0,0,0,2,0,3998.55,5,1
256,-1,0,0,0,0,2,0,3998.55,5,1
256,0,0,0,0,0,3,0,3998.55,5,1
256,1,1,1,0,0,0,0,3998.55,5,1
256,2,1,2,0,0,1,0,3998.55,5,1
256,3,1,3,0,0,1,0,3998.55,5,1
256,4,1,4,0,0,0,0,3998.55,5,1
256,5,1,5,0,0,0,0,3998.55,5,1
256,6,1,6,0,0,0,0,3998.55,5,1
3443,-6,0,0,14,0,0,0,3958.56,2,3
3443,-5,0,0,12,0,0,0,3958.56,2,3
3443,-4,0,0,1,0,0,0,3958.56,2,3
3443,-3,0,0,0,0,0,0,3958.56,2,3
3443,-2,0,0,0,0,0,0,3958.56,2,3
3443,-1,0,0,0,0,0,0,3958.56,2,3
3443,0,0,0,4,0,0,0,3958.56,2,3
3443,1,1,1,0,0,0,0,3958.56,2,3
3443,2,1,2,0,1,0,7,3958.56,2,3
3443,3,1,3,0,0,0,0,3958.56,2,3
3443,4,1,4,0,0,0,0,3958.56,2,3
3443,5,1,5,0,0,0,0,3958.56,2,3
3443,6,1,6,0,0,0,0,3958.56,2,3
516,-6,0,0,0,0,0,0,3909.34,7,1
516,-5,0,0,28,0,0,0,3909.34,7,1
516,-4,0,0,0,0,0,0,3909.34,7,1
516,-3,0,0,0,0,0,0,3909.34,7,1
516,-2,0,0,0,0,0,0,3909.34,7,1
516,-1,0,0,5,0,0,0,3909.34,7,1
516,0,0,0,73,7,3,32,3909.34,7,1
516,1,1,1,8,11,2,21,3909.34,7,1
516,2,1,2,2,0,2,0,3909.34,7,1
516,3,1,3,0,0,0,0,3909.34,7,1
516,4,1,4,0,0,0,0,3909.34,7,1
516,5,1,5,0,0,0,0,3909.34,7,1
516,6,1,6,0,0,0,0,3909.34,7,1
1999,-6,0,0,0,0,0,0,3751.83,4,1
1999,-5,0,0,0,0,0,0,3751.83,4,1
1999,-4,0,0,0,0,0,0,3751.83,4,1
1999,-3,0,0,0,0,0,0,3751.83,4,1
1999,-2,0,0,0,0,0,0,3751.83,4,1
1999,-1,0,0,0,0,0,0,3751.83,4,1
1999,0,0,0,0,0,0,0,3751.83,4,1
1999,1,1,1,0,0,0,0,3751.83,4,1
1999,2,1,2,0,0,0,0,3751.83,4,1
1999,3,1,3,0,0,0,0,3751.83,4,1
1999,4,1,4,0,0,0,0,3751.83,4,1
1999,5,1,5,0,0,0,0,3751.83,4,1
1999,6,1,6,0,0,0,0,3751.83,4,1
2119,-6,0,0,40,0,0,18,3680.55,4,12
2119,-5,0,0,49,2,0,47,3680.55,4,12
2119,-4,0,0,29,0,1,13,3680.55,4,12
2119,-3,0,0,5,0,0,1,3680.55,4,12
2119,-2,0,0,21,0,0,6,3680.55,4,12
2119,-1,0,0,8,7,0,3,3680.55,4,12
2119,0,0,0,20,0,4,0,3680.55,4,12
2119,1,1,1,46,0,0,32,3680.55,4,12
2119,2,1,2,67,2,2,2,3680.55,4,12
2119,3,1,3,82,0,1,13,3680.55,4,12
2119,4,1,4,96,7,1,28,3680.55,4,12
2119,5,1,5,66,0,0,13,3680.55,4,12
2119,6,1,6,95,1,2,26,3680.55,4,12
1988,-6,0,0,0,0,0,0,3555.08,4,1
1988,-5,0,0,0,0,0,0,3555.08,4,1
1988,-4,0,0,0,0,0,0,3555.08,4,1
1988,-3,0,0,0,0,0,0,3555.08,4,1
1988,-2,0,0,0,0,0,0,3555.08,4,1
1988,-1,0,0,0,0,0,0,3555.08,4,1
1988,0,0,0,0,0,0,0,3555.08,4,1
1988,1,1,1,0,0,0,0,3555.08,4,1
1988,2,1,2,0,0,0,0,3555.08,4,1
1988,3,1,3,0,0,0,0,3555.08,4,1
1988,4,1,4,0,0,0,0,3555.08,4,1
1988,5,1,5,0,0,0,0,3555.08,4,1
1988,6,1,6,6,0,0,0,3555.08,4,1
1511,-6,0,0,28,22,20,778,3466.76,3,213
1511,-5,0,0,47,13,29,261,3466.76,3,213
1511,-4,0,0,41,17,59,516,3466.76,3,213
1511,-3,0,0,34,45,86,513,3466.76,3,213
1511,-2,0,0,24,29,152,642,3466.76,3,213
1511,-1,0,0,27,80,94,724,3466.76,3,213
1511,0,0,0,5,63,64,698,3466.76,3,213
1511,1,1,1,7,45,74,654,3466.76,3,213
1511,2,1,2,1,56,105,747,3466.76,3,213
1511,3,1,3,24,56,131,732,3466.76,3,213
1511,4,1,4,127,74,109,1025,3466.76,3,213
1511,5,1,5,127,147,253,775,3466.76,3,213
1511,6,1,6,114,83,265,700,3466.76,3,213
4213,-6,0,0,1200,0,6,2,3411.88,1,55
4213,-5,0,0,1097,0,4,0,3411.88,1,55
4213,-4,0,0,977,0,2,0,3411.88,1,55
4213,-3,0,0,1075,0,0,0,3411.88,1,55
4213,-2,0,0,774,0,3,0,3411.88,1,55
4213,-1,0,0,630,0,1,2,3411.88,1,55
4213,0,0,0,299,0,0,0,3411.88,1,55
4213,1,1,1,450,0,0,0,3411.88,1,55
4213,2,1,2,277,0,0,1,3411.88,1,55
4213,3,1,3,227,0,0,0,3411.88,1,55
4213,4,1,4,139,0,0,1,3411.88,1,55
4213,5,1,5,113,0,2,0,3411.88,1,55
4213,6,1,6,108,0,2,17,3411.88,1,55
2427,-6,0,0,0,0,0,0,3384.14,3,2
2427,-5,0,0,0,0,0,0,3384.14,3,2
2427,-4,0,0,0,0,0,0,3384.14,3,2
2427,-3,0,0,0,0,0,0,3384.14,3,2
2427,-2,0,0,0,0,0,0,3384.14,3,2
2427,-1,0,0,0,0,0,0,3384.14,3,2
2427,0,0,0,0,0,0,0,3384.14,3,2
2427,1,1,1,0,0,0,0,3384.14,3,2
2427,2,1,2,0,0,0,0,3384.14,3,2
2427,3,1,3,0,0,0,0,3384.14,3,2
2427,4,1,4,0,0,0,0,3384.14,3,2
2427,5,1,5,0,0,0,0,3384.14,3,2
2427,6,1,6,0,0,0,0,3384.14,3,2
1102,-6,0,0,78,0,0,0,3357.58,4,12
1102,-5,0,0,80,0,0,0,3357.58,4,12
1102,-4,0,0,93,0,0,0,3357.58,4,12
1102,-3,0,0,25,0,0,0,3357.58,4,12
1102,-2,0,0,89,0,7,2,3357.58,4,12
1102,-1,0,0,117,0,2,3,3357.58,4,12
1102,0,0,0,100,0,0,0,3357.58,4,12
1102,1,1,1,177,0,2,0,3357.58,4,12
1102,2,1,2,44,0,2,0,3357.58,4,12
1102,3,1,3,41,0,0,0,3357.58,4,12
1102,4,1,4,97,0,3,0,3357.58,4,12
1102,5,1,5,186,0,0,0,3357.58,4,12
1102,6,1,6,131,0,0,0,3357.58,4,12
403,-6,0,0,0,0,0,0,3262.11,6,1
403,-5,0,0,2,0,0,0,3262.11,6,1
403,-4,0,0,0,0,0,0,3262.11,6,1
403,-3,0,0,0,0,0,0,3262.11,6,1
403,-2,0,0,0,0,0,0,3262.11,6,1
403,-1,0,0,0,0,0,0,3262.11,6,1
403,0,0,0,0,0,0,0,3262.11,6,1
403,1,1,1,0,0,0,0,3262.11,6,1
403,2,1,2,0,0,0,0,3262.11,6,1
403,3,1,3,0,0,0,0,3262.11,6,1
403,4,1,4,0,0,0,0,3262.11,6,1
403,5,1,5,0,0,0,0,3262.11,6,1
403,6,1,6,0,0,0,0,3262.11,6,1
822,-6,0,0,94,2,4,54,3177.84,3,20
822,-5,0,0,175,0,5,13,3177.84,3,20
822,-4,0,0,174,0,2,1,3177.84,3,20
822,-3,0,0,110,3,1,0,3177.84,3,20
822,-2,0,0,112,2,8,3,3177.84,3,20
822,-1,0,0,88,1,0,0,3177.84,3,20
822,0,0,0,78,1,5,0,3177.84,3,20
822,1,1,1,89,0,3,4,3177.84,3,20
822,2,1,2,24,0,3,0,3177.84,3,20
822,3,1,3,45,1,0,2,3177.84,3,20
822,4,1,4,62,0,2,7,3177.84,3,20
822,5,1,5,86,4,0,6,3177.84,3,20
822,6,1,6,64,5,1,22,3177.84,3,20
2316,-6,0,0,0,0,0,0,3158.15,4,8
2316,-5,0,0,9,0,0,0,3158.15,4,8
2316,-4,0,0,3,0,6,0,3158.15,4,8
2316,-3,0,0,5,0,0,0,3158.15,4,8
2316,-2,0,0,2,0,0,0,3158.15,4,8
2316,-1,0,0,14,0,4,0,3158.15,4,8
2316,0,0,0,33,0,25,0,3158.15,4,8
2316,1,1,1,32,0,7,1,3158.15,4,8
2316,2,1,2,6,0,2,0,3158.15,4,8
2316,3,1,3,29,0,6,0,3158.15,4,8
2316,4,1,4,0,0,0,0,3158.15,4,8
2316,5,1,5,0,0,0,0,3158.15,4,8
2316,6,1,6,0,0,1,0,3158.15,4,8
212,-6,0,0,11,0,0,0,3125.49,8,8
212,-5,0,0,22,0,0,0,3125.49,8,8
212,-4,0,0,22,0,0,0,3125.49,8,8
212,-3,0,0,0,0,0,0,3125.49,8,8
212,-2,0,0,9,8,0,0,3125.49,8,8
212,-1,0,0,8,0,0,0,3125.49,8,8
212,0,0,0,21,0,0,0,3125.49,8,8
212,1,1,1,20,0,0,0,3125.49,8,8
212,2,1,2,21,0,1,0,3125.49,8,8
212,3,1,3,73,0,0,8,3125.49,8,8
212,4,1,4,54,0,0,9,3125.49,8,8
212,5,1,5,3,1,2,0,3125.49,8,8
212,6,1,6,5,0,0,1,3125.49,8,8
1870,-6,0,0,0,0,0,15,3105.44,4,28
1870,-5,0,0,0,0,0,10,3105.44,4,28
1870,-4,0,0,0,1,0,0,3105.44,4,28
1870,-3,0,0,0,3,3,1,3105.44,4,28
1870,-2,0,0,0,3,0,22,3105.44,4,28
1870,-1,0,0,0,0,0,4,3105.44,4,28
1870,0,0,0,0,3,2,7,3105.44,4,28
1870,1,1,1,0,5,3,3,3105.44,4,28
1870,2,1,2,0,23,13,83,3105.44,4,28
1870,3,1,3,0,8,4,5,3105.44,4,28
1870,4,1,4,0,1,2,3,3105.44,4,28
1870,5,1,5,0,5,1,3,3105.44,4,28
1870,6,1,6,6,8,13,6,3105.44,4,28
3496,-6,0,0,0,0,0,0,2952.83,2,1
3496,-5,0,0,0,0,0,0,2952.83,2,1
3496,-4,0,0,0,0,0,0,2952.83,2,1
3496,-3,0,0,0,0,0,0,2952.83,2,1
3496,-2,0,0,0,0,0,0,2952.83,2,1
3496,-1,0,0,0,0,0,0,2952.83,2,1
3496,0,0,0,10,0,0,19,2952.83,2,1
3496,1,1,1,0,0,1,1,2952.83,2,1
3496,2,1,2,5,0,1,9,2952.83,2,1
3496,3,1,3,1,0,1,4,2952.83,2,1
3496,4,1,4,0,0,0,0,2952.83,2,1
3496,5,1,5,0,2,0,3,2952.83,2,1
3496,6,1,6,0,0,0,0,2952.83,2,1
556,-6,0,0,1,0,3,0,2830.03,6,1
556,-5,0,0,0,0,3,0,2830.03,6,1
556,-4,0,0,1,1,0,0,2830.03,6,1
556,-3,0,0,0,0,0,0,2830.03,6,1
556,-2,0,0,1,0,4,0,2830.03,6,1
556,-1,0,0,0,0,1,0,2830.03,6,1
556,0,0,0,0,0,1,0,2830.03,6,1
556,1,1,1,0,0,1,0,2830.03,6,1
556,2,1,2,0,0,1,0,2830.03,6,1
556,3,1,3,0,0,1,0,2830.03,6,1
556,4,1,4,0,1,2,0,2830.03,6,1
556,5,1,5,0,0,1,0,2830.03,6,1
556,6,1,6,0,0,0,0,2830.03,6,1
413,-6,0,0,0,0,0,0,2725.24,9,1
413,-5,0,0,0,0,0,0,2725.24,9,1
413,-4,0,0,0,0,0,0,2725.24,9,1
413,-3,0,0,0,0,0,0,2725.24,9,1
413,-2,0,0,0,0,0,0,2725.24,9,1
413,-1,0,0,0,0,0,0,2725.24,9,1
413,0,0,0,0,0,0,0,2725.24,9,1
413,1,1,1,17,0,2,0,2725.24,9,1
413,2,1,2,10,0,4,0,2725.24,9,1
413,3,1,3,0,0,0,0,2725.24,9,1
413,4,1,4,11,0,2,0,2725.24,9,1
413,5,1,5,0,0,2,0,2725.24,9,1
413,6,1,6,0,0,0,0,2725.24,9,1
389,-6,0,0,0,1,0,0,2647.35,6,1
389,-5,0,0,0,0,0,0,2647.35,6,1
389,-4,0,0,0,0,0,0,2647.35,6,1
389,-3,0,0,0,0,0,0,2647.35,6,1
389,-2,0,0,0,0,0,0,2647.35,6,1
389,-1,0,0,0,0,0,0,2647.35,6,1
389,0,0,0,0,0,0,0,2647.35,6,1
389,1,1,1,0,0,0,0,2647.35,6,1
389,2,1,2,0,0,0,0,2647.35,6,1
389,3,1,3,0,0,0,0,2647.35,6,1
389,4,1,4,0,0,0,0,2647.35,6,1
389,5,1,5,0,1,0,1,2647.35,6,1
389,6,1,6,0,0,0,0,2647.35,6,1
2180,-6,0,0,0,0,0,0,2560.31,4,1
2180,-5,0,0,0,0,0,0,2560.31,4,1
2180,-4,0,0,0,0,0,0,2560.31,4,1
2180,-3,0,0,0,0,0,0,2560.31,4,1
2180,-2,0,0,1,0,0,0,2560.31,4,1
2180,-1,0,0,6,0,0,0,2560.31,4,1
2180,0,0,0,0,0,0,0,2560.31,4,1
2180,1,1,1,0,0,0,0,2560.31,4,1
2180,2,1,2,0,0,0,0,2560.31,4,1
2180,3,1,3,0,0,0,0,2560.31,4,1
2180,4,1,4,0,0,0,0,2560.31,4,1
2180,5,1,5,0,0,0,0,2560.31,4,1
2180,6,1,6,0,0,0,0,2560.31,4,1
1099,-6,0,0,0,0,0,0,2531.01,5,1
1099,-5,0,0,0,0,0,0,2531.01,5,1
1099,-4,0,0,0,0,0,0,2531.01,5,1
1099,-3,0,0,8,0,11,0,2531.01,5,1
1099,-2,0,0,3,0,1,0,2531.01,5,1
1099,-1,0,0,2,0,2,0,2531.01,5,1
1099,0,0,0,2,0,2,0,2531.01,5,1
1099,1,1,1,3,0,1,0,2531.01,5,1
1099,2,1,2,0,0,0,0,2531.01,5,1
1099,3,1,3,0,0,0,0,2531.01,5,1
1099,4,1,4,0,0,1,0,2531.01,5,1
1099,5,1,5,6,0,1,0,2531.01,5,1
1099,6,1,6,0,0,1,0,2531.01,5,1
3150,-6,0,0,0,0,0,0,2484.02,2,1
3150,-5,0,0,0,0,0,0,2484.02,2,1
3150,-4,0,0,0,0,0,0,2484.02,2,1
3150,-3,0,0,101,0,123,0,2484.02,2,1
3150,-2,0,0,117,0,1567,13,2484.02,2,1
3150,-1,0,0,18,0,264,2,2484.02,2,1
3150,0,0,0,2,0,176,0,2484.02,2,1
3150,1,1,1,4,0,167,3,2484.02,2,1
3150,2,1,2,11,0,269,0,2484.02,2,1
3150,3,1,3,1,0,277,0,2484.02,2,1
3150,4,1,4,9,0,372,0,2484.02,2,1
3150,5,1,5,3,0,1493,0,2484.02,2,1
3150,6,1,6,17,0,467,1,2484.02,2,1
2455,-6,0,0,0,0,0,0,2419.59,3,1
2455,-5,0,0,0,0,0,0,2419.59,3,1
2455,-4,0,0,0,0,0,0,2419.59,3,1
2455,-3,0,0,0,0,0,0,2419.59,3,1
2455,-2,0,0,106,6,10,115,2419.59,3,1
2455,-1,0,0,11,3,5,5,2419.59,3,1
2455,0,0,0,5,1,1,4,2419.59,3,1
2455,1,1,1,0,0,1,0,2419.59,3,1
2455,2,1,2,2,0,0,1,2419.59,3,1
2455,3,1,3,0,0,0,1,2419.59,3,1
2455,4,1,4,5,1,1,1,2419.59,3,1
2455,5,1,5,1,2,0,0,2419.59,3,1
2455,6,1,6,1,0,0,4,2419.59,3,1
