pk,commit_comments
2323,2020-12-30T21:07:58Z;2021-06-07T10:26:24Z;2021-06-07T10:36:10Z;2021-06-07T10:37:36Z
149,2020-01-01T11:22:38Z;2020-01-01T13:44:34Z;2020-01-01T15:59:33Z;2020-01-01T22:49:35Z;2020-01-01T23:10:37Z
490,
1592,2021-05-11T16:28:20Z;2021-05-11T16:30:11Z;2021-05-11T16:34:40Z;2021-06-08T22:39:30Z;2021-06-08T22:40:24Z;2021-06-08T22:47:00Z;2021-06-09T15:11:49Z
4352,2021-12-11T10:31:28Z;2021-12-11T10:38:49Z;2021-12-13T13:04:52Z;2021-12-13T13:23:21Z;2021-12-13T21:44:23Z;2021-12-14T04:43:50Z;2021-12-14T06:21:19Z;2021-12-14T07:03:52Z;2021-12-15T14:01:43Z;2021-12-16T13:03:58Z;2021-12-17T13:18:25Z;2021-12-23T13:49:31Z;2021-12-23T14:18:37Z;2021-12-23T14:22:59Z;2021-12-26T10:01:37Z;2021-12-30T12:12:45Z;2021-12-30T12:47:12Z;2021-12-30T13:41:54Z;2021-12-30T13:55:01Z;2021-12-30T15:59:59Z;2021-12-31T12:46:57Z;2021-12-31T13:19:30Z;2022-01-12T04:00:48Z;2022-01-13T13:55:20Z;2022-01-18T16:26:03Z;2022-01-18T18:08:33Z;2022-01-18T18:29:54Z;2022-01-18T18:54:19Z;2022-01-19T04:27:49Z;2022-01-19T05:57:49Z;2022-01-19T17:51:58Z;2022-01-19T18:38:58Z;2022-01-20T10:24:09Z;2022-01-20T12:25:18Z;2022-01-20T12:36:41Z;2022-01-20T16:20:38Z;2022-01-20T21:26:20Z;2022-01-21T20:45:51Z;2022-01-22T17:06:21Z;2022-01-24T23:30:40Z;2022-01-27T03:35:07Z;2022-01-29T16:52:43Z;2022-01-30T15:20:44Z;2022-01-30T15:37:06Z;2022-02-01T12:37:48Z;2022-02-02T14:24:52Z;2022-02-03T14:24:36Z;2022-02-07T13:33:55Z;2022-02-09T08:33:54Z;2022-02-09T12:14:34Z;2022-02-12T11:09:18Z;2022-02-12T17:23:07Z;2022-02-12T17:32:10Z;2022-02-13T06:21:47Z;2022-02-13T18:16:22Z;2022-02-14T17:11:56Z;2022-02-14T17:47:04Z;2022-02-16T15:07:30Z;2022-02-20T13:06:39Z;2022-02-23T08:21:15Z;2022-02-23T11:24:25Z;2022-02-24T16:57:48Z;2022-02-24T18:42:10Z;2022-02-27T14:40:53Z;2022-02-28T13:16:18Z;2022-02-28T17:40:54Z;2022-02-28T18:01:26Z;2022-03-02T11:57:30Z;2022-03-03T12:05:22Z;2022-03-03T17:27:35Z;2022-03-03T17:38:55Z;2022-03-04T12:47:57Z;2022-03-04T14:04:44Z;2022-03-04T20:40:27Z;2022-03-05T11:39:16Z;2022-03-06T18:40:50Z;2022-03-07T17:40:26Z;2022-03-07T17:52:36Z;2022-03-09T12:46:08Z;2022-03-09T12:51:24Z;2022-03-09T19:04:48Z;2022-03-10T11:00:10Z;2022-03-10T20:25:04Z;2022-03-10T22:57:47Z;2022-03-11T11:07:18Z;2022-03-12T21:29:34Z;2022-03-13T17:58:52Z;2022-03-16T14:28:40Z;2022-03-17T18:45:25Z;2022-03-17T19:24:08Z;2022-03-17T20:11:16Z;2022-03-17T22:48:18Z;2022-03-18T19:59:13Z;2022-03-20T15:18:00Z;2022-03-20T15:37:01Z;2022-03-20T19:41:30Z;2022-03-21T12:55:41Z;2022-03-21T13:22:50Z;2022-03-21T20:28:14Z;2022-03-22T11:41:07Z;2022-03-22T19:14:31Z;2022-03-22T20:37:00Z;2022-03-22T22:54:24Z;2022-03-23T11:40:58Z;2022-03-23T17:59:58Z;2022-03-26T16:40:56Z;2022-03-27T00:14:20Z;2022-03-27T19:05:38Z;2022-03-27T19:16:35Z;2022-03-29T18:46:36Z;2022-03-29T19:37:27Z;2022-03-29T20:31:11Z;2022-03-29T20:40:12Z;2022-03-31T18:02:18Z;2022-04-07T09:21:51Z;2022-04-07T20:41:17Z;2022-04-08T13:55:30Z;2022-04-08T15:35:21Z;2022-04-08T15:58:20Z;2022-04-08T18:46:50Z;2022-04-09T19:23:07Z;2022-04-09T19:28:53Z;2022-04-10T07:09:20Z;2022-04-11T10:41:12Z;2022-04-11T10:57:20Z;2022-04-11T11:05:00Z;2022-04-11T11:34:52Z;2022-04-11T12:14:17Z;2022-04-12T07:39:57Z;2022-04-16T20:31:06Z;2022-04-22T20:51:49Z;2022-04-25T13:39:24Z;2022-04-26T15:14:45Z;2022-04-27T14:57:03Z;2022-04-28T20:29:07Z;2022-04-30T12:34:45Z;2022-05-03T12:50:10Z;2022-05-05T12:07:47Z;2022-05-06T06:37:16Z;2022-05-06T07:23:50Z;2022-05-06T12:50:37Z;2022-05-06T13:28:39Z;2022-05-06T18:05:16Z;2022-05-07T14:54:54Z;2022-05-07T17:58:25Z;2022-05-07T19:10:06Z;2022-05-07T22:15:27Z;2022-05-08T12:31:01Z;2022-05-09T17:04:51Z;2022-05-09T20:29:25Z;2022-05-10T14:30:31Z;2022-05-10T17:08:04Z;2022-05-12T16:19:58Z;2022-05-13T01:30:32Z;2022-05-13T14:35:48Z;2022-05-13T20:24:45Z;2022-05-13T20:42:17Z;2022-05-13T21:02:53Z;2022-05-14T17:09:20Z;2022-05-15T15:24:27Z;2022-05-16T14:39:49Z;2022-05-16T21:24:20Z;2022-05-18T15:05:29Z;2022-05-19T12:29:30Z;2022-05-19T22:17:13Z;2022-05-20T16:49:59Z;2022-05-20T20:05:06Z;2022-05-21T14:31:06Z;2022-05-21T15:33:01Z;2022-05-22T16:38:00Z;2022-05-22T17:25:05Z;2022-05-23T14:34:49Z;2022-05-23T20:06:47Z;2022-05-24T16:56:02Z;2022-05-25T13:29:08Z;2022-05-27T15:36:12Z;2022-05-28T16:53:04Z;2022-05-29T23:02:11Z;2022-05-29T23:53:35Z;2022-05-30T15:53:55Z;2022-05-31T16:14:14Z;2022-05-31T16:17:51Z;2022-05-31T20:20:02Z;2022-06-01T10:52:23Z;2022-06-01T20:19:05Z;2022-06-03T22:16:19Z;2022-06-05T17:32:55Z;2022-06-07T17:37:24Z;2022-06-08T05:51:24Z;2022-06-08T15:51:09Z;2022-06-10T02:59:46Z;2022-06-10T23:04:04Z;2022-06-13T01:57:57Z;2022-06-15T16:46:47Z;2022-06-01T19:26:09Z;2022-06-02T21:32:23Z;2022-06-02T23:03:01Z;2022-06-03T00:27:42Z;2022-06-03T00:33:04Z;2022-06-03T00:38:26Z;2022-06-04T15:39:36Z;2022-06-04T19:13:30Z;2022-06-04T19:58:57Z;2022-06-04T21:30:31Z;2022-06-05T12:57:00Z;2022-06-05T15:37:31Z;2022-06-05T15:50:39Z;2022-06-05T19:01:52Z;2022-06-06T17:15:33Z;2022-06-06T21:10:53Z;2022-06-07T11:37:33Z;2022-06-07T18:02:15Z;2022-06-08T02:13:23Z;2022-06-08T02:22:42Z;2022-06-08T15:34:43Z;2022-06-08T22:14:54Z;2022-06-09T15:45:14Z;2022-06-10T16:17:23Z;2022-06-10T20:32:47Z;2022-06-10T21:37:07Z;2022-06-11T12:41:26Z;2022-06-11T17:40:40Z;2022-06-12T22:41:31Z;2022-06-13T13:15:59Z;2022-06-13T13:19:25Z;2022-06-13T14:23:26Z;2022-06-13T18:14:34Z;2022-06-13T19:08:49Z;2022-06-13T19:21:10Z;2022-06-14T16:28:50Z;2022-06-14T16:31:23Z;2022-06-14T22:48:42Z;2022-06-13T21:46:29Z;2022-06-13T22:19:53Z;2022-06-14T02:29:35Z;2022-06-14T03:48:10Z;2022-06-14T15:46:23Z;2022-06-14T18:46:31Z
24,2019-04-10T03:35:25Z
86,2018-09-15T13:53:43Z;2018-09-17T18:43:15Z;2018-09-17T19:00:39Z;2018-09-17T19:44:29Z;2018-09-17T20:09:09Z;2018-09-17T21:59:48Z;2018-09-17T22:30:59Z;2018-09-19T20:54:57Z;2018-09-20T16:22:47Z;2018-09-20T17:02:40Z;2018-09-21T17:45:43Z;2018-09-21T18:49:02Z;2018-10-02T22:35:21Z;2018-10-03T04:18:34Z;2018-10-03T04:28:07Z;2018-10-04T01:42:04Z;2018-10-05T17:08:31Z;2018-10-05T17:08:36Z;2018-10-05T21:07:52Z;2018-10-06T00:40:45Z;2018-10-06T01:20:08Z;2018-10-10T18:07:54Z;2018-10-18T16:53:08Z;2018-10-22T21:11:28Z;2018-10-22T21:11:31Z;2018-10-22T21:12:37Z;2018-10-22T21:13:09Z;2018-10-22T21:17:38Z;2018-10-22T21:17:59Z;2018-10-22T21:21:40Z;2018-10-22T21:26:21Z;2018-10-30T00:24:00Z;2018-10-30T07:01:04Z;2018-10-30T12:32:13Z;2018-10-30T19:40:50Z;2018-10-31T13:28:55Z;2018-10-31T13:29:32Z;2018-10-31T13:31:02Z;2018-10-31T13:34:33Z;2018-10-31T14:33:15Z;2018-11-01T13:48:50Z;2018-11-08T17:03:12Z;2018-11-11T17:12:16Z;2018-11-12T20:09:11Z;2018-11-12T21:06:46Z;2018-11-12T21:11:45Z;2018-11-12T21:20:32Z;2018-11-12T21:21:08Z;2018-11-12T21:43:02Z;2018-11-13T17:03:47Z;2018-11-14T04:22:34Z;2018-11-14T04:23:35Z;2018-11-16T23:13:53Z;2018-11-21T02:23:50Z;2018-11-21T15:14:30Z;2018-11-21T15:56:42Z;2018-12-03T23:22:04Z;2018-12-03T23:48:12Z;2018-12-04T21:24:34Z;2018-12-06T20:20:52Z;2018-12-15T03:54:18Z;2018-12-21T13:13:38Z;2018-12-26T14:23:32Z;2019-01-07T23:27:20Z;2019-01-28T16:06:50Z;2019-02-04T22:11:55Z;2019-02-14T07:57:09Z;2019-02-15T20:32:45Z;2019-02-15T20:33:27Z;2019-03-06T00:28:14Z;2019-03-06T13:23:11Z;2019-03-08T04:58:27Z;2019-03-12T16:02:17Z;2019-03-12T16:29:47Z;2019-03-13T08:50:11Z;2019-03-13T14:18:05Z;2019-03-13T16:09:14Z;2019-03-13T17:37:47Z;2019-03-13T19:50:34Z;2019-03-29T15:52:00Z;2019-03-29T15:52:45Z;2019-03-29T16:20:17Z;2019-03-29T16:26:02Z;2019-03-29T16:29:06Z;2019-04-15T02:07:59Z;2019-04-17T07:51:36Z;2019-04-17T16:16:32Z;2019-04-24T21:07:12Z;2019-04-24T21:30:50Z;2019-04-24T21:31:09Z;2019-04-24T22:54:07Z;2019-04-24T22:59:25Z;2019-04-24T22:59:46Z;2019-05-23T06:26:40Z;2019-05-23T23:01:17Z;2019-05-23T23:05:59Z;2019-05-24T11:47:54Z;2019-05-27T16:54:25Z;2019-06-04T13:21:34Z;2019-06-04T14:07:47Z;2019-06-04T14:14:18Z;2019-06-27T19:35:34Z;2019-07-11T22:38:50Z;2019-07-12T16:30:19Z;2019-07-13T21:01:31Z;2019-07-13T21:01:46Z;2019-07-18T22:45:37Z;2019-07-29T15:50:47Z;2019-07-29T15:52:11Z;2019-07-29T15:53:16Z;2019-07-29T15:53:24Z;2019-07-29T18:12:07Z;2019-07-29T18:13:42Z;2019-07-29T18:15:58Z;2019-07-29T18:18:09Z;2019-07-29T18:20:11Z;2019-07-31T09:04:51Z;2019-08-04T18:24:16Z;2019-08-04T18:25:51Z;2019-08-07T16:28:29Z;2019-08-29T07:00:05Z;2019-09-04T21:38:55Z;2019-09-04T21:39:17Z;2019-09-11T19:27:08Z;2019-09-20T18:01:09Z;2019-09-23T22:45:52Z;2019-09-24T01:12:45Z;2019-09-25T10:15:31Z;2019-09-25T14:24:42Z;2019-03-21T16:49:53Z;2019-03-21T16:52:40Z;2018-09-12T15:54:14Z;2018-11-28T18:49:26Z;2019-01-31T17:39:14Z;2019-07-07T14:55:06Z;2019-07-07T14:55:43Z;2019-07-08T14:44:17Z;2019-07-08T14:45:07Z
25,2019-03-31T01:59:13Z
13,2018-12-14T21:39:08Z;2019-04-19T02:58:44Z
821,
191,2020-03-09T21:54:13Z;2020-03-10T03:08:14Z;2020-04-24T20:42:36Z;2020-07-13T00:59:09Z;2020-07-13T01:00:45Z;2020-07-13T01:05:42Z;2020-07-13T01:08:08Z;2020-07-13T01:17:07Z;2020-07-13T01:20:39Z;2020-07-13T01:21:53Z;2020-07-13T09:22:49Z;2020-07-13T09:33:01Z;2020-07-13T09:37:44Z;2020-07-13T09:58:53Z;2020-07-13T10:20:29Z;2020-07-13T10:22:36Z;2020-07-13T13:32:34Z;2020-07-16T08:48:25Z;2020-07-17T07:02:21Z;2020-07-17T07:42:58Z;2020-07-17T17:10:44Z;2020-07-17T17:14:24Z;2020-07-17T17:15:20Z;2020-07-17T17:16:55Z;2020-07-17T17:21:33Z;2020-07-17T17:25:41Z;2020-07-17T17:29:06Z;2020-07-17T17:31:30Z;2020-07-17T17:32:04Z;2020-07-17T17:34:05Z;2019-07-02T16:16:30Z;2019-11-20T20:07:08Z;2019-11-28T10:18:11Z;2020-04-07T18:13:05Z;2020-04-22T22:54:47Z;2020-04-23T05:18:37Z;2020-04-23T23:20:08Z;2020-05-27T00:23:25Z;2020-05-27T04:44:41Z
143,2019-09-17T08:52:53Z;2019-05-22T10:34:05Z;2019-09-06T18:16:38Z;2019-09-11T08:37:48Z;2019-09-11T14:15:28Z
172,
3133,
1143,
137,2019-03-21T13:29:34Z;2019-04-02T13:39:24Z;2019-04-02T13:40:48Z;2019-04-02T13:59:00Z;2019-04-02T14:51:13Z;2019-04-02T14:58:48Z;2019-04-02T16:32:41Z;2019-04-02T17:09:57Z;2019-04-02T17:23:21Z;2019-04-02T17:31:35Z;2019-04-02T18:00:38Z;2019-04-08T15:22:14Z;2019-06-03T06:57:10Z;2019-06-03T06:57:38Z;2019-06-03T08:29:31Z;2019-08-05T08:27:49Z;2019-08-21T13:34:48Z;2019-08-23T14:31:45Z;2019-08-23T14:34:07Z;2019-09-18T23:31:40Z;2019-09-19T16:28:33Z;2019-09-23T11:38:02Z;2020-01-24T14:26:40Z;2020-03-29T10:43:13Z;2019-12-03T09:53:57Z;2019-12-03T09:57:33Z;2019-05-03T16:10:00Z;2019-05-03T16:16:04Z;2019-05-03T16:20:02Z;2019-05-03T16:22:25Z;2019-05-19T06:00:57Z;2019-05-19T06:16:32Z;2019-05-19T06:32:38Z;2019-05-19T06:39:12Z;2019-05-21T18:21:58Z;2019-05-21T18:29:55Z;2019-05-21T18:34:53Z;2019-05-21T18:44:48Z;2019-05-21T20:58:09Z;2019-05-21T21:00:53Z;2019-06-03T19:49:18Z;2019-06-03T19:53:44Z;2019-11-13T23:26:54Z;2019-04-05T16:33:40Z;2019-03-21T13:35:02Z;2019-03-21T13:35:21Z;2019-03-22T16:20:49Z;2019-03-22T16:22:02Z;2019-03-22T16:24:21Z;2019-03-22T16:25:09Z;2019-03-22T16:29:25Z;2019-03-22T16:32:13Z;2019-03-22T16:39:56Z;2019-03-22T17:09:50Z;2019-03-25T18:30:27Z;2019-03-26T16:58:12Z;2019-03-26T17:32:35Z;2019-03-08T10:48:35Z;2019-03-08T10:50:43Z;2019-03-08T10:56:16Z;2019-03-29T10:22:07Z;2019-03-29T11:50:26Z;2019-03-29T13:17:34Z;2019-03-29T13:34:11Z;2019-03-29T13:35:31Z;2019-10-11T09:22:26Z;2019-10-11T09:22:32Z;2019-03-20T02:19:13Z;2019-03-20T10:31:53Z;2019-03-20T12:42:59Z;2019-03-20T13:03:40Z;2019-03-28T09:14:37Z;2019-03-28T09:17:43Z;2019-06-04T08:25:05Z;2019-10-23T17:00:57Z;2019-10-23T18:06:13Z;2019-10-23T18:06:44Z;2019-11-18T13:37:58Z;2019-12-05T10:59:56Z;2019-12-05T11:08:17Z;2019-12-05T11:12:05Z;2019-12-05T11:41:56Z;2019-10-13T06:29:43Z;2019-10-04T06:07:10Z;2019-10-04T15:44:05Z;2019-10-30T13:26:34Z;2019-10-31T10:51:38Z;2019-10-31T12:05:57Z;2019-08-06T21:16:19Z;2019-08-19T15:10:49Z;2020-03-22T14:13:22Z;2020-03-22T14:16:02Z;2020-03-22T14:18:01Z;2019-12-03T10:01:36Z;2019-12-03T10:08:45Z;2019-04-08T21:49:22Z;2019-04-09T09:03:42Z;2019-04-26T06:53:48Z;2019-04-26T06:55:50Z;2019-04-26T06:58:53Z;2019-04-26T07:04:47Z;2019-04-26T07:05:45Z;2019-04-26T07:15:16Z;2019-04-26T07:17:41Z;2019-04-26T07:29:01Z;2019-04-26T07:31:18Z;2020-02-14T05:39:44Z;2019-03-29T15:42:00Z;2019-03-29T15:45:03Z;2019-04-17T07:59:01Z;2019-04-17T08:02:58Z;2020-02-26T13:54:11Z;2019-07-18T09:57:05Z;2019-10-29T20:10:15Z;2020-02-26T14:59:57Z;2020-02-26T20:09:50Z
1093,2021-03-28T07:24:39Z;2021-03-24T20:37:02Z;2020-10-13T02:26:49Z
3857,2021-05-17T02:52:37Z;2021-05-18T02:54:14Z;2021-05-19T02:49:40Z;2021-05-20T02:50:00Z;2021-05-21T02:52:21Z;2021-05-22T02:52:45Z;2021-05-23T02:59:46Z;2021-05-24T02:59:03Z;2021-05-25T03:05:22Z;2021-05-26T03:29:07Z;2021-05-27T03:45:28Z;2021-05-27T12:42:52Z;2021-05-28T04:09:38Z;2021-05-29T04:37:43Z;2021-05-30T04:42:20Z;2021-05-31T04:49:36Z;2021-05-31T16:42:24Z;2021-06-01T05:22:58Z;2021-06-02T05:21:38Z;2021-06-03T04:51:04Z;2021-06-04T04:09:40Z;2021-06-05T03:37:15Z;2021-06-06T03:31:17Z;2021-06-07T03:48:03Z;2021-06-07T15:55:35Z;2021-06-08T03:14:16Z
142,2019-12-01T14:54:49Z;2020-02-27T11:07:00Z;2020-02-27T13:52:52Z
258,
337,
275,
1403,2021-07-19T17:52:30Z;2021-07-19T18:24:56Z;2021-07-25T11:25:34Z;2021-07-25T17:56:02Z;2021-07-28T23:09:17Z
331,
468,
1809,2021-01-07T01:08:28Z;2021-03-08T03:35:08Z
539,2020-07-26T14:05:19Z;2020-07-26T14:06:39Z
329,
1415,2021-01-19T05:22:14Z;2021-01-19T09:04:06Z
540,2020-04-01T14:54:04Z;2020-04-01T17:23:53Z;2020-04-01T17:24:04Z;2020-04-01T17:24:33Z
4019,
384,
946,
1561,
373,
599,2020-01-13T12:15:01Z
972,2020-05-07T01:21:23Z;2020-07-17T20:04:03Z;2020-07-17T20:51:27Z;2020-07-17T20:55:10Z;2020-09-08T03:55:14Z;2020-09-08T09:59:11Z
3335,
3278,
3814,
1080,
3059,
1110,
3224,
184,
294,
888,2020-01-31T16:45:14Z;2020-01-31T17:15:25Z
37,
2916,2021-09-16T10:38:25Z;2021-10-04T01:03:14Z;2021-10-04T01:04:40Z;2021-10-04T01:39:19Z;2021-06-19T23:18:54Z;2021-12-01T21:34:28Z;2021-08-30T18:53:47Z;2021-08-30T19:22:50Z;2021-10-07T04:38:10Z;2021-10-08T15:08:35Z;2021-11-17T03:08:56Z;2021-11-17T03:33:05Z;2021-11-17T03:35:20Z;2021-12-02T00:33:22Z;2021-12-03T00:46:55Z;2021-12-09T01:45:56Z;2021-12-10T07:10:27Z;2021-12-10T07:11:53Z;2021-12-10T07:12:12Z;2021-12-10T07:12:19Z;2021-12-12T14:57:36Z;2021-12-15T04:06:46Z;2021-12-17T00:35:57Z;2021-12-20T03:54:42Z;2021-09-09T20:05:49Z;2021-09-14T16:31:58Z;2021-09-24T11:39:26Z;2021-09-24T12:51:44Z;2021-09-24T13:05:07Z;2021-09-24T13:10:46Z;2021-09-24T13:22:11Z;2021-09-24T13:48:34Z;2021-10-01T17:17:05Z;2021-10-01T18:01:02Z;2021-10-01T19:30:22Z;2021-10-01T20:10:22Z;2021-11-16T14:27:31Z;2021-11-16T15:13:10Z;2021-11-16T17:14:22Z;2021-12-01T17:21:11Z;2021-12-01T17:23:22Z;2021-12-01T18:39:37Z;2021-12-01T20:24:40Z;2021-12-02T12:27:19Z;2021-12-02T18:20:14Z;2021-12-02T19:08:58Z;2021-12-02T19:33:25Z;2021-12-03T07:02:37Z;2021-12-03T11:26:19Z;2021-12-03T16:06:06Z;2021-12-03T16:53:25Z;2021-12-04T10:20:38Z;2021-12-04T13:20:09Z;2021-12-04T13:46:04Z;2021-12-07T05:23:33Z;2021-12-13T08:38:13Z;2021-12-13T09:26:51Z;2021-12-13T09:38:34Z;2021-12-13T10:00:29Z;2021-12-23T14:10:04Z;2021-09-14T16:10:37Z;2021-09-21T04:31:15Z;2021-10-03T18:04:41Z;2021-10-08T02:46:52Z;2021-12-08T20:52:25Z;2021-12-15T15:59:14Z;2021-09-21T16:15:10Z;2021-11-16T13:34:57Z;2021-12-13T10:52:43Z;2021-09-16T19:03:06Z;2021-09-18T01:01:31Z;2021-09-18T13:29:46Z;2021-09-18T14:35:55Z;2021-09-18T15:41:51Z;2021-09-18T19:58:44Z;2021-09-18T21:17:45Z;2021-09-18T21:22:22Z;2021-09-18T21:25:46Z;2021-09-18T21:27:20Z;2021-09-18T22:45:24Z;2021-09-19T09:11:41Z;2021-09-19T09:25:31Z;2021-09-19T09:28:13Z;2021-09-19T09:32:42Z;2021-09-19T10:01:09Z;2021-09-19T12:43:23Z;2021-09-19T12:47:52Z;2021-09-19T13:14:15Z;2021-09-19T13:20:11Z;2021-11-16T14:24:35Z;2021-10-20T21:37:28Z;2021-10-21T18:08:57Z;2021-10-22T13:57:59Z;2021-10-22T14:19:05Z;2021-10-22T14:44:50Z;2021-10-25T12:50:26Z;2021-10-29T17:37:09Z;2021-10-29T18:00:15Z;2021-10-29T18:17:18Z;2021-12-16T16:25:17Z;2021-12-17T13:08:23Z;2021-12-14T06:18:38Z;2021-12-14T06:23:52Z;2021-12-15T17:12:19Z;2021-12-28T19:45:38Z
3386,2021-11-26T13:12:17Z;2021-11-29T09:23:11Z;2021-11-29T18:24:40Z;2021-11-29T19:16:01Z;2021-11-30T08:36:29Z;2021-11-30T08:46:54Z;2021-11-30T09:39:52Z;2021-11-30T10:39:57Z;2021-11-30T10:54:16Z;2021-11-30T10:56:59Z;2021-11-30T10:59:47Z;2021-11-30T11:02:29Z;2021-11-30T13:58:16Z;2021-11-30T17:36:31Z;2021-11-30T17:40:09Z;2021-11-30T17:47:29Z;2021-11-30T19:28:51Z;2021-11-30T19:32:29Z;2021-11-30T19:38:56Z;2021-12-01T08:33:21Z;2021-12-01T10:57:33Z;2021-12-01T10:58:52Z;2021-12-01T12:04:15Z;2021-12-01T12:36:17Z;2021-12-01T12:40:25Z;2021-12-01T12:42:46Z;2021-12-02T10:19:26Z;2021-12-02T10:23:29Z;2021-12-02T11:32:43Z;2021-12-02T11:40:06Z;2021-12-02T17:05:59Z;2021-12-03T12:00:01Z;2021-12-04T11:12:16Z;2021-12-05T11:08:34Z;2021-12-06T09:03:32Z;2021-12-06T09:10:31Z;2021-12-09T08:28:25Z;2021-12-10T12:32:31Z;2021-12-18T09:31:22Z;2021-12-21T11:49:52Z;2021-12-22T08:11:31Z;2021-12-25T11:35:32Z;2021-12-28T10:43:24Z;2021-12-28T12:59:39Z;2022-02-22T15:20:24Z;2022-02-22T17:17:27Z;2022-02-22T23:11:04Z;2022-02-23T12:11:27Z;2022-02-23T13:30:18Z
1669,2020-07-21T18:07:15Z;2020-07-21T18:54:37Z;2020-09-14T21:28:25Z;2020-06-03T03:32:00Z;2021-03-23T20:16:46Z;2020-11-16T13:55:24Z;2020-10-15T16:06:40Z;2020-10-22T08:37:31Z;2020-11-04T16:40:06Z;2020-11-04T16:54:57Z;2020-11-06T15:03:28Z;2020-11-10T04:23:17Z;2020-12-21T13:18:17Z;2020-12-24T19:45:34Z;2021-01-25T15:33:02Z;2021-01-26T09:35:52Z;2021-02-10T04:52:21Z;2021-02-10T06:05:40Z;2021-02-17T18:22:41Z;2021-02-18T10:15:21Z;2021-02-24T06:16:39Z;2021-03-10T10:54:14Z;2021-03-12T12:53:48Z;2021-03-12T18:07:41Z;2021-03-13T07:34:54Z;2021-03-30T05:49:19Z;2021-03-30T14:50:27Z;2021-04-12T10:22:50Z;2021-04-12T14:52:27Z;2021-04-15T15:55:37Z;2021-04-30T13:41:22Z;2021-05-04T20:11:23Z;2021-05-04T20:48:13Z;2021-05-07T21:37:15Z;2021-05-11T19:41:00Z;2021-05-21T05:03:11Z;2021-05-24T13:46:46Z;2021-05-25T10:10:56Z;2021-05-25T10:53:30Z;2021-05-28T09:30:29Z;2020-10-15T16:11:31Z;2020-10-22T06:41:12Z;2020-10-27T18:36:36Z;2020-11-05T11:37:23Z;2020-11-05T17:23:38Z;2020-11-05T17:38:57Z;2020-11-06T13:57:57Z;2020-11-12T17:56:20Z;2020-11-12T18:51:15Z;2020-11-13T16:27:36Z;2020-11-13T16:31:39Z;2020-11-27T15:12:47Z;2020-11-30T19:57:09Z;2020-12-09T09:18:13Z;2020-12-14T15:17:30Z;2020-12-14T15:21:01Z;2021-01-12T20:31:23Z;2021-01-13T08:45:53Z;2021-01-20T10:00:30Z;2021-01-20T10:10:17Z;2021-01-20T12:50:02Z;2021-01-20T13:34:32Z;2021-02-04T21:24:59Z;2021-02-05T10:16:45Z;2021-03-03T17:03:00Z;2021-03-04T12:52:12Z;2021-03-12T09:45:05Z;2021-03-29T17:00:22Z;2021-03-29T17:15:21Z;2021-04-13T16:15:41Z;2021-04-13T16:16:52Z;2021-04-13T16:19:49Z;2021-04-13T18:29:22Z;2021-04-21T09:15:02Z;2021-04-21T16:55:10Z;2021-04-21T17:10:37Z;2021-04-22T15:02:12Z;2021-04-28T15:42:40Z;2021-05-05T11:21:54Z;2021-05-05T17:24:25Z;2021-05-12T11:15:18Z;2021-05-15T08:26:04Z;2021-05-20T14:28:41Z;2021-05-31T08:16:27Z;2021-05-31T08:17:56Z;2021-06-01T13:27:23Z;2021-06-02T07:40:39Z;2021-06-03T10:24:50Z;2021-06-04T11:40:29Z;2021-06-04T13:53:47Z;2021-06-04T13:56:29Z;2021-06-09T14:59:12Z;2021-06-10T10:56:10Z;2021-06-10T12:29:33Z;2021-06-10T12:53:51Z;2021-06-11T09:26:26Z;2020-10-26T15:09:18Z;2020-10-26T15:35:26Z;2021-03-03T16:13:52Z;2021-03-05T17:44:15Z;2021-03-25T09:54:55Z;2021-03-25T10:33:18Z;2021-03-25T10:34:32Z;2021-03-25T10:39:09Z;2021-03-25T11:43:14Z;2021-03-25T12:00:06Z;2021-03-26T15:34:53Z;2021-03-27T11:39:27Z;2021-03-31T05:51:43Z;2021-04-20T14:54:29Z;2021-03-11T11:37:11Z;2021-04-05T08:34:07Z;2021-04-05T09:24:39Z;2021-04-05T11:16:12Z;2021-04-05T15:23:12Z;2021-04-11T07:40:19Z;2021-04-12T15:24:09Z;2021-04-14T09:44:10Z;2021-04-17T06:57:49Z;2021-05-04T09:37:08Z;2021-05-05T16:23:58Z;2021-05-05T16:24:56Z;2021-05-14T07:40:24Z;2021-05-23T08:21:03Z;2021-05-24T12:05:31Z;2021-06-07T12:22:11Z;2021-06-08T21:06:08Z;2021-06-09T16:16:35Z;2021-06-11T17:48:54Z;2021-06-13T14:20:57Z;2021-06-15T05:28:43Z;2021-03-29T08:28:12Z;2021-04-13T12:39:27Z;2021-04-17T05:21:38Z;2021-04-17T05:35:09Z;2021-04-25T16:19:51Z;2021-05-05T10:44:39Z;2021-06-10T10:51:53Z;2021-03-23T10:40:33Z;2021-03-23T11:03:20Z;2021-03-24T13:25:13Z;2021-03-26T16:05:06Z;2021-03-26T21:19:58Z;2021-04-01T21:16:13Z;2021-04-02T13:21:08Z;2021-04-03T21:18:26Z;2021-04-03T21:19:58Z;2021-04-09T07:18:49Z;2021-04-13T15:24:08Z;2021-04-14T12:35:03Z;2021-05-11T18:48:30Z;2021-06-01T16:08:27Z;2021-06-08T15:30:57Z
4165,
224,2019-09-30T07:40:16Z;2019-09-30T07:45:37Z;2020-05-25T11:20:21Z;2020-05-25T11:54:58Z
1773,
2281,
795,
2112,
1657,2020-09-03T10:19:42Z
3012,2021-11-14T11:32:12Z;2021-11-14T12:05:00Z;2021-11-14T12:10:35Z;2021-11-21T09:17:58Z;2021-11-21T09:27:50Z;2021-11-21T09:31:38Z;2021-11-21T09:37:22Z;2021-11-21T09:43:15Z;2021-11-21T09:46:10Z;2021-11-21T11:56:22Z;2021-11-21T12:51:37Z;2021-11-21T13:38:50Z;2021-11-21T13:44:21Z;2021-11-21T14:13:31Z;2021-11-21T14:21:25Z;2021-11-21T14:43:05Z;2021-11-21T14:56:22Z;2021-11-21T15:28:08Z;2021-11-21T15:39:22Z;2021-11-21T19:14:51Z;2021-11-21T20:32:36Z;2021-11-21T20:50:06Z;2021-11-21T21:03:50Z;2021-11-21T21:32:54Z;2021-11-21T21:44:36Z;2021-11-23T22:40:08Z;2021-11-25T14:50:20Z;2021-11-25T15:05:27Z;2021-11-25T15:51:07Z;2021-11-26T02:57:37Z;2021-11-26T03:54:31Z;2021-06-02T23:49:52Z;2021-06-17T17:42:18Z
2575,
139,
82,
1530,
2235,
2851,2021-02-09T09:37:34Z;2021-03-15T10:47:04Z;2021-06-11T14:51:29Z;2021-06-11T15:11:16Z;2021-06-11T15:21:33Z;2021-06-11T15:23:42Z;2021-06-11T19:33:54Z;2021-06-12T10:51:04Z;2021-09-01T02:39:00Z;2021-09-01T02:41:58Z;2021-09-06T18:03:14Z;2021-09-21T08:11:16Z;2021-11-06T07:41:33Z;2021-11-06T07:44:46Z;2021-11-06T07:44:55Z;2021-11-06T07:46:07Z;2021-11-07T04:22:14Z;2021-11-07T09:59:17Z;2021-11-07T09:59:45Z;2021-11-07T09:02:08Z;2021-11-07T09:05:10Z;2021-11-07T09:05:53Z;2021-11-07T09:27:50Z;2021-11-13T07:08:04Z;2021-11-16T18:43:07Z;2021-11-16T19:04:17Z;2021-11-16T19:28:35Z;2021-11-16T20:49:10Z;2021-11-16T21:48:00Z;2021-11-26T21:24:42Z
3510,
2918,
2262,
1211,
3004,2021-10-07T18:35:06Z;2021-10-17T16:14:02Z;2021-10-17T16:16:34Z;2021-10-17T20:12:02Z;2021-10-17T20:13:34Z;2021-10-17T20:14:22Z
3930,
2979,
358,2019-06-26T10:08:26Z
198,2019-11-14T06:37:43Z;2019-11-14T06:40:28Z;2019-11-14T06:47:33Z;2019-11-14T06:54:55Z;2019-11-14T15:22:42Z;2019-11-14T15:23:27Z;2019-11-14T15:29:50Z;2019-11-14T16:50:53Z;2019-11-15T07:26:43Z;2019-11-15T07:39:03Z;2019-11-15T17:41:32Z;2020-02-11T10:55:19Z
308,
1996,2021-01-17T10:11:23Z;2021-01-22T23:39:05Z;2021-01-23T09:51:42Z;2021-01-24T23:39:51Z;2021-01-24T23:43:48Z;2021-01-24T23:48:57Z;2021-01-24T23:50:23Z;2021-01-24T23:52:15Z;2021-01-24T23:55:09Z;2021-01-25T00:29:27Z;2021-01-25T14:06:30Z;2021-01-25T14:08:03Z;2021-01-25T14:11:38Z;2021-01-25T14:14:43Z;2021-01-25T14:25:17Z;2021-01-25T14:38:13Z;2021-01-25T15:46:22Z;2021-01-25T15:52:31Z;2021-01-25T15:58:22Z;2021-01-25T16:20:25Z;2021-01-25T17:33:56Z;2021-01-28T10:33:17Z;2021-01-30T12:59:20Z;2021-02-07T21:09:29Z;2021-02-07T21:16:52Z;2021-02-07T21:32:10Z;2021-02-09T13:05:30Z;2021-02-15T13:36:14Z;2021-02-15T17:46:39Z;2021-02-18T12:21:31Z;2021-02-18T16:10:55Z;2021-02-18T18:12:26Z;2021-02-20T14:50:32Z;2021-04-24T06:48:28Z
246,
519,
1090,
936,2020-11-12T01:17:06Z;2020-11-12T10:58:43Z
1155,2020-10-28T14:01:19Z;2020-10-29T15:56:03Z;2020-10-29T18:55:41Z;2020-11-09T16:55:37Z;2020-11-09T16:59:20Z;2020-11-13T01:07:35Z;2020-11-14T11:19:50Z
596,
2265,
3364,
2229,
213,2020-03-12T20:03:48Z
159,2019-11-04T07:00:59Z;2019-11-04T11:25:06Z;2019-11-07T05:37:02Z;2019-11-07T14:06:31Z;2019-11-08T02:03:50Z;2019-11-10T17:06:11Z;2019-11-12T16:51:58Z;2019-11-12T23:42:41Z;2019-11-14T05:51:19Z;2019-11-19T06:01:53Z;2020-01-22T15:35:51Z;2020-01-22T15:43:19Z;2020-01-23T03:01:28Z;2020-04-16T09:10:20Z;2020-04-16T09:12:21Z;2020-04-16T09:12:56Z;2020-04-16T09:22:17Z;2020-04-16T09:24:51Z;2020-04-16T12:57:03Z;2020-04-17T00:24:06Z;2020-04-17T01:03:31Z;2020-04-17T02:23:01Z;2020-04-17T02:41:46Z;2020-04-17T02:42:53Z;2020-04-17T03:28:06Z;2020-04-17T03:57:59Z;2020-04-17T05:23:11Z;2020-04-17T05:23:43Z;2020-04-17T05:49:37Z;2020-04-17T06:19:51Z;2020-04-17T07:20:07Z;2020-04-22T12:30:38Z;2020-04-23T01:59:40Z;2020-04-23T02:06:43Z;2020-04-23T04:29:26Z;2020-04-23T04:32:08Z;2020-05-15T10:24:23Z;2020-06-08T13:58:17Z;2020-07-18T15:24:43Z;2020-08-05T14:43:44Z;2020-08-08T10:15:04Z;2020-09-16T14:03:34Z;2020-09-16T14:04:06Z;2020-09-16T14:07:20Z;2020-09-16T14:07:24Z;2020-09-21T14:10:38Z;2020-09-22T04:02:04Z
3595,
3525,
233,
1112,2020-11-28T14:44:04Z;2020-11-28T14:51:00Z;2020-11-28T14:51:20Z;2020-12-08T21:12:12Z;2020-12-09T03:56:33Z
36,
2239,2021-03-09T20:35:48Z;2021-03-09T20:45:31Z;2021-03-09T21:42:02Z;2021-03-09T22:15:57Z;2021-04-05T22:57:03Z;2021-04-14T21:16:57Z;2021-04-25T14:23:12Z;2021-04-25T14:47:34Z;2021-04-25T22:46:07Z;2021-04-25T22:59:27Z;2021-04-25T23:05:48Z;2021-04-25T23:11:04Z;2021-04-25T23:16:21Z;2021-04-26T00:03:17Z;2021-04-26T00:09:57Z;2021-04-26T00:19:52Z;2021-05-10T11:16:14Z;2021-05-10T13:49:17Z;2021-05-10T13:50:43Z;2021-05-15T13:44:03Z;2021-05-15T14:12:14Z;2021-07-23T11:52:14Z;2021-08-05T19:58:59Z;2021-09-01T13:12:08Z
274,
3414,2021-10-22T11:15:17Z;2021-12-18T05:51:50Z
231,2019-09-11T06:26:35Z;2019-09-11T06:31:13Z;2019-09-11T06:33:31Z
22,2019-04-08T02:27:51Z;2019-04-08T02:29:07Z;2019-04-28T10:36:30Z;2019-04-30T06:39:38Z;2019-05-30T09:52:26Z;2019-06-03T10:40:49Z;2019-06-04T05:51:53Z;2019-06-12T12:40:24Z;2019-06-12T12:42:40Z;2019-06-24T10:38:13Z;2019-07-02T19:43:08Z;2019-07-18T11:07:01Z;2019-09-09T09:22:10Z;2019-09-09T09:57:24Z;2019-09-09T10:10:33Z;2019-09-12T03:16:50Z;2019-09-30T09:03:14Z;2019-09-30T09:07:35Z;2019-11-03T18:59:28Z;2019-11-11T20:42:08Z;2019-11-11T20:43:07Z;2019-12-01T07:27:32Z;2020-01-08T07:26:57Z;2020-01-10T13:11:49Z;2020-01-10T13:12:29Z;2020-02-04T20:41:06Z;2020-03-27T13:28:41Z;2019-04-08T15:05:18Z;2019-04-08T15:05:44Z;2019-05-28T12:56:58Z;2019-05-29T18:04:38Z;2019-05-31T11:09:01Z;2019-07-16T17:53:24Z;2019-07-16T17:54:15Z;2019-07-16T17:57:23Z;2019-07-30T22:34:25Z;2019-08-16T05:14:43Z;2019-08-16T05:16:16Z;2019-09-25T00:08:07Z;2019-08-27T11:10:19Z;2020-03-26T20:55:38Z;2019-07-03T20:47:31Z;2019-11-24T23:52:15Z;2019-11-24T23:52:40Z;2020-03-13T20:53:22Z;2019-04-25T15:23:55Z;2019-04-25T15:27:15Z;2019-03-05T17:50:32Z;2019-03-05T17:50:45Z;2019-03-06T17:07:12Z;2019-03-12T15:45:04Z;2019-05-13T12:42:03Z;2019-05-16T08:41:31Z;2019-05-16T10:46:54Z;2019-05-16T13:49:46Z;2019-05-16T14:36:30Z;2019-05-16T14:37:06Z;2019-05-21T13:15:50Z;2019-05-21T14:31:16Z;2019-07-04T06:11:08Z;2019-07-04T06:11:50Z;2019-07-04T06:41:15Z;2019-07-04T06:42:28Z;2019-07-04T07:14:01Z;2019-10-29T11:54:26Z;2019-12-06T20:54:33Z;2019-12-06T21:21:29Z;2019-12-07T00:01:21Z;2020-01-23T16:05:19Z;2020-01-23T16:06:53Z;2020-01-23T16:07:36Z;2020-01-23T16:57:58Z;2020-02-04T16:12:19Z;2020-02-04T16:13:28Z;2020-02-04T16:14:17Z;2020-02-04T16:16:56Z;2020-02-04T17:08:59Z;2020-02-17T15:18:39Z;2020-02-17T15:19:17Z;2020-02-17T15:19:47Z;2020-02-17T15:20:24Z;2020-02-17T15:21:46Z;2020-02-20T15:30:33Z;2020-02-25T17:39:54Z;2020-02-25T17:41:42Z;2020-02-25T17:42:59Z;2020-02-25T17:45:02Z;2020-02-25T17:46:43Z;2020-02-25T17:47:47Z;2020-02-26T10:43:34Z;2020-02-26T10:47:48Z;2020-02-26T11:13:20Z;2020-02-27T14:21:56Z;2020-03-18T18:56:54Z;2020-03-18T18:57:36Z;2020-03-18T19:47:31Z;2020-03-18T19:55:30Z;2020-03-18T19:56:19Z;2020-03-18T19:59:39Z;2020-03-19T12:21:24Z;2019-04-30T10:44:53Z;2019-04-30T10:45:36Z;2019-05-26T08:23:28Z;2019-06-23T02:49:28Z;2019-06-23T03:47:02Z;2019-07-11T08:57:30Z;2019-09-05T23:42:41Z;2019-09-21T08:52:32Z;2019-10-02T09:10:10Z;2020-01-25T00:36:18Z;2019-04-06T15:18:56Z;2019-08-27T08:16:43Z;2019-03-26T09:43:29Z;2019-04-29T18:52:06Z;2019-09-27T05:37:26Z;2019-09-27T06:28:33Z;2020-03-26T08:30:46Z;2020-03-26T08:32:03Z;2019-12-05T23:32:11Z;2019-03-20T14:45:35Z;2019-08-12T21:49:59Z;2019-09-06T16:35:05Z;2019-10-04T15:00:48Z;2019-10-05T00:40:36Z;2019-10-05T00:40:59Z;2019-10-07T21:21:20Z;2020-02-21T20:41:16Z;2020-02-21T21:04:12Z;2019-04-05T20:17:26Z;2019-05-20T13:25:43Z;2019-05-21T12:45:16Z;2019-05-21T17:14:20Z;2019-05-22T00:11:14Z;2019-05-22T12:20:43Z;2019-05-28T08:05:49Z;2019-09-12T04:01:51Z;2019-12-09T17:24:29Z;2019-12-09T17:31:21Z;2019-06-26T15:46:59Z;2019-06-26T15:47:28Z;2019-05-20T16:18:56Z;2019-06-04T22:36:23Z;2019-06-04T22:38:07Z;2019-06-04T23:07:18Z;2019-06-05T01:42:54Z;2019-06-05T01:44:54Z;2019-06-05T02:01:53Z;2019-11-20T13:32:53Z;2019-11-20T14:09:47Z;2019-11-20T14:14:35Z;2019-03-11T22:51:32Z;2019-03-11T23:24:50Z;2019-03-18T23:32:40Z;2019-03-20T00:56:50Z;2019-04-14T11:08:30Z;2019-12-13T12:34:47Z;2020-03-16T10:36:45Z;2019-09-20T23:28:19Z;2019-09-27T14:49:33Z;2019-03-29T18:26:12Z;2019-11-27T17:56:36Z
2758,
296,
959,2020-07-01T21:40:55Z;2020-07-01T21:42:53Z;2020-07-01T21:44:41Z;2020-07-01T21:49:17Z;2020-07-01T21:50:00Z;2020-07-01T22:00:14Z;2020-07-01T22:01:15Z;2020-07-01T22:02:29Z;2020-07-01T22:03:24Z;2020-07-01T22:23:34Z;2020-07-01T23:02:40Z;2020-07-02T00:16:10Z;2020-07-02T00:37:40Z;2020-07-02T00:52:22Z;2020-07-02T01:19:43Z;2020-07-02T01:21:14Z;2020-07-02T01:25:36Z;2020-07-02T01:28:50Z;2020-07-02T01:30:23Z;2020-07-02T01:36:48Z;2020-07-02T01:43:03Z;2020-07-02T01:44:29Z;2020-07-02T02:32:12Z;2020-07-02T02:37:16Z;2020-07-02T02:59:10Z;2020-07-02T04:10:39Z;2020-07-02T04:50:47Z;2020-07-02T05:25:38Z;2020-07-02T15:49:43Z;2020-07-02T15:51:49Z;2020-07-02T15:53:22Z;2020-07-02T15:54:36Z;2020-07-02T15:54:54Z;2020-07-03T21:35:53Z;2020-07-03T21:38:58Z;2020-07-08T20:01:41Z;2020-07-09T16:53:22Z;2020-07-09T20:03:04Z;2020-07-09T20:58:53Z;2020-07-10T19:30:27Z;2020-07-10T19:31:06Z;2020-07-10T21:02:09Z;2020-07-10T21:12:42Z;2020-07-10T21:20:12Z;2020-07-10T21:22:47Z;2020-07-10T21:35:39Z;2020-07-10T21:49:58Z;2020-07-10T22:09:08Z;2020-07-15T22:54:56Z;2020-07-17T17:43:37Z;2020-07-17T17:49:10Z;2020-07-17T17:49:20Z;2020-07-17T18:02:48Z;2020-07-18T02:27:19Z;2020-07-18T02:40:59Z;2020-07-18T20:43:37Z;2020-07-19T04:30:32Z;2020-07-19T04:36:07Z;2020-07-19T04:36:25Z;2020-07-19T23:05:02Z;2020-07-23T22:54:29Z;2020-07-24T18:41:57Z;2020-07-24T20:47:12Z;2020-07-27T02:20:26Z;2020-07-27T16:22:21Z;2020-07-27T19:36:54Z;2020-07-28T03:17:37Z;2020-07-28T12:51:05Z;2020-07-28T15:24:27Z;2020-07-28T16:53:47Z;2020-07-28T20:03:25Z;2020-07-29T00:33:08Z;2020-07-29T17:57:47Z;2020-07-29T19:56:56Z;2020-07-29T20:06:50Z;2020-07-29T21:47:35Z;2020-07-29T21:55:51Z;2020-07-30T01:05:23Z;2020-07-30T01:19:11Z;2020-07-30T01:25:06Z;2020-07-30T01:46:17Z;2020-07-30T01:54:44Z;2020-07-30T19:19:38Z;2020-07-30T19:40:38Z;2020-07-30T19:46:32Z;2020-07-31T00:27:45Z;2020-07-31T14:57:46Z;2020-08-02T16:58:04Z;2020-08-02T17:24:57Z;2020-08-02T18:00:11Z;2020-08-02T18:07:33Z;2020-08-02T18:34:28Z;2020-08-02T19:55:26Z;2020-08-02T21:55:30Z;2020-08-03T00:51:14Z;2020-08-04T03:27:54Z;2020-08-04T18:23:11Z;2020-08-04T19:50:56Z;2020-08-06T01:07:04Z;2020-08-07T01:44:07Z;2020-08-07T02:02:54Z;2020-08-07T02:11:39Z;2020-08-07T17:44:16Z;2020-08-07T18:00:28Z;2020-08-09T19:50:20Z;2020-08-09T20:40:19Z;2020-08-11T21:05:47Z;2020-08-12T01:04:11Z;2020-08-13T17:54:31Z;2020-08-17T00:54:13Z;2020-08-17T21:03:05Z;2020-08-20T18:47:00Z;2020-08-21T01:20:24Z;2020-08-22T19:14:20Z;2020-08-25T17:13:31Z;2020-08-27T21:51:35Z;2020-08-28T18:35:29Z;2020-09-07T18:39:20Z;2020-09-07T19:20:50Z;2020-09-09T22:03:38Z;2020-09-09T22:12:12Z;2020-09-10T02:10:02Z;2020-09-10T03:22:31Z;2020-09-10T20:03:48Z;2020-09-10T21:08:10Z;2020-09-10T21:44:33Z;2020-09-10T23:01:40Z;2020-09-11T02:47:08Z;2020-09-11T17:09:58Z;2020-09-11T18:03:54Z;2020-09-11T18:43:02Z;2020-09-11T18:52:43Z;2020-09-11T20:06:31Z;2020-09-11T20:25:21Z;2020-09-12T03:02:42Z;2020-09-13T20:19:38Z;2020-09-13T21:26:12Z;2020-09-14T02:20:00Z;2020-09-14T02:38:04Z;2020-09-15T02:36:23Z;2020-09-15T02:57:20Z;2020-09-16T20:43:29Z;2020-09-18T00:26:52Z;2020-09-18T15:38:06Z;2020-09-18T23:45:56Z;2020-09-24T22:34:17Z;2020-09-25T17:39:44Z;2020-09-26T21:56:43Z;2020-09-27T00:03:49Z;2020-09-28T19:34:18Z;2020-09-28T21:07:36Z;2020-09-28T22:13:00Z;2020-10-01T18:02:56Z;2020-10-02T20:41:36Z;2020-10-02T20:59:44Z;2020-10-03T02:31:03Z;2020-10-03T02:48:03Z;2020-10-21T19:58:46Z;2020-10-21T22:57:29Z;2020-10-22T02:51:03Z;2020-10-22T19:39:46Z;2020-10-23T20:56:53Z;2020-10-23T21:53:11Z;2020-10-24T20:51:32Z;2020-10-24T20:53:29Z;2020-10-25T01:37:00Z;2020-10-25T18:18:34Z;2020-10-25T18:52:13Z;2020-10-25T21:01:14Z;2020-10-27T02:52:33Z;2020-10-27T03:15:53Z;2020-10-27T17:13:58Z;2020-10-27T18:29:02Z;2020-10-27T18:32:00Z;2020-10-27T18:38:42Z;2020-10-27T20:31:23Z;2020-10-28T23:57:01Z;2020-10-29T15:56:53Z;2020-10-29T17:31:49Z;2020-10-29T18:19:51Z;2020-10-29T18:36:01Z;2020-10-29T18:48:51Z;2020-10-29T19:05:22Z;2020-10-29T19:52:43Z;2020-10-29T19:53:43Z;2020-10-30T00:16:14Z;2020-11-01T02:26:12Z;2020-11-01T22:24:00Z;2020-11-02T17:38:59Z;2020-11-05T01:16:42Z;2020-11-11T19:44:54Z;2020-11-14T01:56:32Z;2020-11-14T02:19:04Z;2020-11-14T02:24:04Z;2020-11-14T02:35:04Z;2020-11-14T02:52:14Z;2020-11-14T03:07:29Z;2020-11-14T03:15:31Z;2020-11-14T03:43:38Z;2020-11-14T22:03:50Z;2020-11-15T01:07:14Z;2020-11-15T01:09:41Z;2020-11-15T08:16:30Z;2020-11-15T09:07:02Z;2020-11-15T16:53:32Z;2020-11-15T18:46:33Z;2020-11-15T18:49:47Z;2020-11-15T18:50:50Z;2020-11-15T18:51:31Z;2020-11-16T00:19:12Z;2020-11-16T00:26:39Z;2020-11-16T01:04:00Z;2020-11-16T01:48:32Z;2020-11-16T02:56:50Z;2020-11-16T17:23:50Z;2020-11-16T17:30:42Z;2020-11-16T18:24:51Z;2020-11-17T22:29:50Z;2020-11-18T01:47:18Z;2020-11-18T02:13:27Z;2020-11-21T01:55:04Z;2020-11-21T23:44:09Z;2020-11-21T23:49:52Z;2020-11-22T00:38:03Z;2020-11-24T22:57:01Z;2020-11-24T22:59:03Z;2020-11-24T23:26:08Z;2020-11-24T23:33:55Z;2020-12-17T18:16:07Z;2020-12-28T19:38:59Z
145,
2841,
1534,
65,
259,
1625,
2271,
2631,2021-10-22T22:10:46Z;2021-10-23T15:02:35Z
1805,
1175,
2788,
899,
1599,
1005,2020-08-19T13:35:08Z;2020-08-19T15:47:54Z;2020-08-19T16:01:49Z;2020-08-19T19:09:35Z;2020-08-19T19:37:10Z;2020-08-19T19:49:48Z
2743,
4144,
1141,2020-08-05T05:16:12Z;2020-08-05T05:26:39Z;2020-08-05T17:16:05Z;2020-08-05T21:49:24Z;2020-08-06T00:01:06Z;2020-08-06T11:30:27Z;2020-08-06T17:06:52Z;2020-08-06T18:19:49Z;2020-08-06T18:30:05Z;2020-08-07T19:31:32Z;2020-08-09T18:01:08Z;2020-08-09T18:48:08Z;2020-08-10T19:29:49Z;2020-08-11T03:21:26Z;2020-08-11T03:57:30Z;2020-08-11T04:17:16Z;2020-08-11T05:11:06Z;2020-08-11T06:49:36Z;2020-08-11T14:18:34Z;2020-08-11T14:21:37Z;2020-08-11T14:27:36Z;2020-08-11T14:32:00Z;2020-08-11T14:45:13Z;2020-08-11T17:12:12Z;2020-08-11T19:18:39Z;2020-08-11T19:40:48Z;2020-08-11T20:00:52Z;2020-08-11T21:01:45Z;2020-08-11T23:11:12Z;2020-08-11T23:17:09Z
4287,
1855,2021-03-08T22:47:44Z;2021-03-08T23:11:11Z;2021-03-08T23:39:13Z;2021-03-09T09:35:59Z
2196,
2871,
1375,2020-11-21T18:51:53Z;2020-11-21T19:33:59Z;2020-11-21T19:48:58Z;2020-11-21T19:50:30Z
4232,
1571,
943,2020-09-03T10:19:42Z
1134,
290,
3522,
3600,
653,2019-04-30T23:35:12Z;2019-04-30T23:37:52Z;2019-05-05T15:53:35Z;2019-05-05T17:46:47Z;2019-05-05T19:16:15Z;2019-05-05T23:08:36Z;2019-05-06T04:35:42Z;2019-07-04T23:21:56Z;2019-07-04T23:27:33Z;2019-07-05T01:58:40Z;2019-07-05T02:08:34Z;2019-07-05T10:49:28Z;2019-07-05T14:03:39Z
3457,
1240,
634,2019-12-01T15:37:42Z;2020-02-13T06:49:11Z;2020-02-13T06:55:02Z;2020-02-13T07:39:13Z;2020-02-04T15:28:46Z;2020-02-10T12:26:02Z;2020-03-19T10:06:04Z;2019-10-22T10:49:54Z;2020-04-27T04:28:44Z;2020-04-27T04:29:10Z
562,
2074,
547,
3501,
4276,
256,
3443,
516,
1999,
2119,2020-08-27T20:46:51Z;2020-09-08T13:54:09Z;2020-09-09T19:53:40Z;2020-09-09T20:00:18Z;2020-09-09T20:01:42Z;2020-09-09T21:16:03Z;2020-09-10T22:14:27Z;2020-09-11T22:01:00Z;2020-09-12T17:05:18Z
1988,
1511,2020-12-18T16:12:38Z;2020-12-21T15:27:27Z;2020-12-21T15:33:41Z;2020-12-21T15:40:29Z;2020-12-21T15:50:11Z;2020-12-21T16:37:40Z;2020-12-21T17:08:48Z;2020-12-21T17:28:38Z;2020-12-21T17:39:01Z;2020-12-21T17:42:45Z;2020-12-21T20:53:03Z;2020-12-28T21:35:32Z;2020-12-29T14:33:38Z;2020-12-29T14:41:25Z;2020-12-29T15:03:10Z;2021-01-04T21:57:33Z;2021-01-06T16:02:32Z;2021-01-06T21:55:36Z;2020-12-03T15:26:30Z;2020-12-03T15:28:33Z;2020-12-03T16:06:24Z;2020-12-04T22:47:47Z;2020-12-04T22:58:15Z;2020-12-04T23:00:13Z;2020-12-05T03:13:33Z;2020-12-05T03:15:26Z;2020-12-09T15:19:54Z;2020-12-09T15:37:35Z;2020-12-09T20:43:56Z;2020-12-09T21:26:45Z;2020-12-09T21:28:42Z;2020-12-14T19:09:32Z;2020-12-22T16:03:55Z;2020-12-23T22:19:28Z;2020-12-23T22:22:18Z;2020-12-24T13:07:03Z;2020-12-28T14:52:33Z;2020-12-28T16:29:41Z;2020-12-29T17:53:30Z;2021-01-04T17:56:44Z;2021-01-04T18:47:29Z;2021-01-05T15:03:03Z;2021-01-05T15:05:58Z;2021-01-14T17:30:56Z;2021-01-14T19:51:51Z;2021-01-14T21:05:42Z;2021-01-14T21:26:03Z;2021-01-15T19:36:53Z;2021-01-15T20:04:10Z;2021-01-19T19:20:31Z;2021-01-20T20:42:14Z;2021-02-16T16:05:11Z;2021-02-17T13:47:53Z;2021-02-24T19:25:02Z;2021-03-01T16:06:36Z;2021-03-01T21:07:19Z;2021-03-02T15:04:10Z;2021-03-02T15:35:28Z;2021-03-02T18:08:12Z;2021-03-04T20:08:22Z;2021-03-05T23:09:30Z;2021-03-08T17:48:34Z;2021-03-08T20:32:34Z;2021-03-12T12:30:19Z;2021-03-12T18:58:08Z;2021-03-12T23:03:27Z;2021-03-13T17:32:30Z;2021-03-13T19:14:39Z;2021-03-16T14:46:09Z;2021-03-18T20:29:27Z;2021-03-22T23:23:28Z;2021-03-23T15:36:17Z;2021-03-31T19:53:35Z;2021-04-02T18:19:40Z;2021-04-02T18:34:24Z;2021-04-05T19:49:03Z;2021-04-05T22:38:55Z;2021-04-07T13:43:30Z;2021-04-07T14:56:58Z;2021-04-07T19:56:27Z;2021-04-08T13:52:23Z;2021-04-08T14:33:58Z;2021-04-08T14:46:34Z;2021-04-08T15:24:49Z;2021-04-08T15:40:22Z;2021-04-08T15:51:12Z;2021-04-08T18:04:10Z;2021-04-13T12:37:57Z;2021-04-13T19:57:14Z;2021-04-14T16:37:49Z;2021-04-14T19:22:35Z;2021-04-15T14:20:15Z;2021-04-16T00:04:05Z;2021-04-16T16:25:22Z;2021-04-20T15:20:38Z;2021-04-20T15:23:08Z;2021-04-20T18:05:16Z;2021-04-21T15:48:12Z;2021-04-22T19:42:34Z;2021-04-23T20:04:08Z;2021-04-26T18:05:18Z;2021-04-26T19:46:30Z;2021-04-26T19:49:54Z;2021-04-27T21:37:50Z;2021-04-27T23:05:25Z;2021-04-28T11:53:30Z;2021-04-28T17:34:53Z;2021-04-28T17:40:15Z;2021-04-28T19:14:35Z;2021-04-29T15:52:29Z;2021-04-29T18:55:56Z;2021-04-30T16:41:40Z;2021-04-30T18:20:56Z;2021-05-04T13:36:27Z;2021-05-05T15:58:15Z;2021-05-05T16:41:53Z;2021-05-05T21:47:50Z;2021-05-05T22:19:05Z;2021-05-06T22:40:54Z;2021-05-11T00:35:44Z;2021-05-11T20:21:53Z;2021-05-12T00:07:51Z;2021-05-12T14:33:45Z;2021-05-12T23:58:24Z;2021-05-13T00:03:41Z;2021-05-13T00:09:53Z;2021-05-13T14:19:21Z;2021-05-17T20:48:47Z;2021-05-17T21:50:14Z;2021-05-17T23:50:29Z;2021-05-18T12:32:18Z;2021-05-18T17:58:19Z;2021-05-18T18:03:18Z;2021-05-18T19:27:03Z;2021-05-19T01:26:19Z;2021-05-20T13:52:50Z;2021-05-20T15:11:53Z;2021-05-20T15:38:59Z;2021-05-20T20:53:34Z;2021-05-24T15:04:42Z;2021-05-24T19:19:29Z;2021-05-24T23:06:37Z;2021-05-24T23:12:49Z;2021-05-25T12:47:24Z;2021-05-25T13:23:48Z;2021-05-26T13:58:17Z;2021-05-26T16:45:57Z;2021-05-27T18:59:43Z;2021-05-27T19:03:55Z;2021-05-27T19:14:14Z;2021-05-28T14:20:20Z;2021-05-31T18:14:45Z;2021-05-31T18:31:36Z;2021-05-31T18:56:18Z;2021-05-31T20:35:13Z;2021-05-31T20:44:50Z;2021-05-31T21:13:48Z;2021-06-01T16:03:43Z;2021-06-01T16:37:14Z;2021-06-01T17:45:50Z;2021-06-01T19:49:16Z;2021-06-01T20:41:16Z;2021-06-01T20:47:50Z;2021-06-02T19:38:47Z;2021-06-02T20:23:51Z;2021-06-02T20:28:22Z;2021-06-08T17:41:47Z;2021-06-09T01:00:57Z;2021-06-09T15:39:49Z;2021-06-09T15:48:23Z;2021-06-09T17:15:59Z;2021-06-09T21:50:15Z;2021-06-09T21:57:26Z;2021-06-10T00:18:52Z;2021-06-10T00:42:47Z;2021-06-10T00:48:13Z;2021-06-10T13:11:07Z;2021-06-10T13:18:24Z;2021-06-10T17:36:49Z;2021-06-11T15:44:26Z;2021-06-14T14:54:57Z;2021-06-14T20:14:34Z;2021-06-14T20:21:15Z;2021-06-15T17:53:07Z;2021-06-16T16:39:25Z;2021-06-17T17:23:36Z;2021-06-17T18:08:11Z;2021-06-21T16:56:04Z;2021-06-22T15:14:36Z;2021-06-22T15:49:23Z;2021-06-22T19:49:48Z;2021-06-23T16:36:04Z;2021-06-23T17:18:54Z;2021-06-24T15:02:09Z;2021-06-25T13:44:09Z;2021-06-25T15:32:59Z;2021-06-25T15:40:28Z;2021-06-25T16:10:48Z;2021-06-29T20:17:05Z;2021-06-29T20:40:21Z;2021-07-01T00:36:50Z;2021-07-01T15:03:19Z;2021-07-01T15:10:52Z;2021-07-01T19:45:59Z;2021-07-02T15:49:05Z;2021-07-05T15:25:06Z;2021-07-05T18:59:34Z;2021-07-06T15:37:57Z;2021-07-06T16:54:59Z;2021-07-06T21:42:39Z;2021-07-07T16:38:23Z;2021-07-07T19:54:14Z;2021-07-07T20:01:42Z;2021-07-08T16:15:53Z;2021-07-08T19:32:36Z;2021-07-08T19:57:40Z;2021-07-09T16:54:16Z;2021-07-12T14:22:37Z;2021-07-13T17:10:16Z;2021-07-16T17:06:58Z;2021-07-16T18:52:10Z;2021-07-19T18:14:28Z;2021-07-19T20:29:15Z;2021-07-19T21:34:51Z;2021-07-19T22:24:50Z;2021-07-19T23:49:51Z;2021-07-20T16:00:28Z;2021-07-22T18:31:32Z;2021-07-22T19:17:28Z;2021-07-22T21:16:29Z;2021-07-23T12:51:39Z;2021-07-23T15:14:45Z;2021-07-23T17:34:54Z;2021-07-26T17:30:56Z;2021-07-26T21:09:30Z;2021-07-27T13:21:14Z;2021-07-27T18:00:11Z;2021-08-04T14:49:52Z;2021-08-04T17:44:24Z;2021-08-05T19:16:32Z;2021-08-10T09:26:37Z;2021-08-10T10:40:32Z;2021-08-12T17:59:11Z;2021-08-13T18:51:12Z;2021-08-16T13:47:00Z;2021-08-16T17:59:11Z;2021-08-17T15:39:32Z;2021-08-17T15:46:35Z;2021-08-17T20:06:34Z;2021-08-18T21:16:35Z;2021-08-19T13:40:25Z;2021-08-20T14:20:01Z;2021-08-20T14:45:10Z;2021-08-23T19:48:26Z;2021-08-24T20:42:08Z;2021-08-26T15:00:31Z;2021-08-27T21:35:08Z;2021-08-30T20:10:21Z;2021-08-31T14:58:26Z;2021-08-31T20:24:38Z;2021-09-01T16:19:11Z;2021-09-02T19:32:37Z;2021-09-06T17:00:03Z;2021-09-06T21:44:02Z;2021-09-07T03:04:06Z;2021-09-08T15:24:57Z;2021-09-09T13:04:28Z;2021-09-09T13:54:29Z;2021-09-10T18:28:11Z;2021-09-10T18:33:09Z;2021-09-13T15:46:26Z;2021-09-13T16:29:27Z;2021-09-13T18:06:32Z;2021-09-13T18:45:45Z;2021-09-13T18:52:14Z;2021-09-13T20:06:48Z;2021-09-14T21:47:25Z;2021-09-21T18:46:09Z;2021-09-21T21:00:53Z;2021-09-23T14:09:17Z;2021-09-27T20:11:17Z;2021-09-28T15:18:39Z;2021-09-30T15:24:50Z;2021-10-08T19:55:12Z;2021-10-08T21:41:17Z;2021-10-10T15:29:19Z;2021-10-12T14:39:58Z;2021-10-12T14:50:14Z;2021-10-13T20:08:02Z;2021-10-13T21:15:41Z;2021-10-14T18:08:51Z;2021-10-15T19:08:50Z;2021-10-15T19:54:20Z;2021-10-15T20:15:41Z;2021-10-15T21:03:35Z;2021-10-18T13:16:50Z;2021-10-18T13:42:37Z;2021-10-18T16:33:47Z;2021-10-19T14:19:01Z;2021-10-19T17:21:50Z;2021-10-19T17:42:04Z;2021-10-19T18:13:30Z;2021-10-19T18:58:46Z;2021-10-19T21:01:47Z;2021-10-19T23:12:45Z;2021-10-21T17:45:53Z;2021-10-25T18:52:55Z;2021-10-26T15:48:01Z;2021-11-02T19:39:40Z;2021-11-04T13:42:48Z;2021-11-08T16:41:17Z;2021-11-10T13:24:00Z;2021-11-15T17:59:37Z;2021-11-15T20:03:08Z;2021-11-15T21:02:12Z;2021-11-16T21:01:13Z;2021-11-16T21:08:07Z;2021-11-16T21:16:21Z;2021-11-17T19:58:35Z;2021-11-18T15:31:15Z;2021-11-18T15:36:00Z;2021-11-24T19:45:17Z;2021-11-24T19:58:19Z;2021-11-25T16:51:58Z;2021-11-26T21:32:13Z;2021-11-29T15:46:09Z;2021-11-30T18:57:59Z;2021-12-07T14:32:25Z;2021-12-10T20:17:49Z;2021-12-10T20:36:50Z;2021-12-13T20:26:44Z;2021-12-21T14:53:52Z;2021-12-23T18:55:03Z;2020-12-01T17:41:10Z;2020-12-02T00:49:52Z;2020-12-09T15:02:55Z;2020-12-09T16:16:39Z;2020-12-09T16:29:36Z;2020-12-09T17:09:18Z;2020-12-09T18:31:22Z;2020-12-09T20:36:15Z;2020-12-09T21:11:35Z;2020-12-10T15:45:31Z;2020-12-10T16:06:05Z;2020-12-10T16:12:02Z;2020-12-10T16:31:32Z;2020-12-10T16:55:24Z;2020-12-10T17:02:55Z;2020-12-10T17:16:19Z;2020-12-10T18:09:10Z;2020-12-10T18:17:27Z;2020-12-10T18:26:36Z;2020-12-10T18:38:34Z;2020-12-10T18:46:08Z;2020-12-10T20:26:52Z;2020-12-10T20:47:23Z;2020-12-10T21:17:34Z;2020-12-10T21:28:52Z;2020-12-10T22:10:10Z;2020-12-10T22:47:44Z;2020-12-11T11:40:12Z;2020-12-11T15:46:05Z;2020-12-11T16:31:29Z;2020-12-11T16:33:42Z;2020-12-14T18:12:18Z;2020-12-14T19:56:20Z;2020-12-15T15:45:48Z;2020-12-15T17:01:34Z;2020-12-16T12:21:48Z;2020-12-16T15:58:32Z;2020-12-16T17:39:44Z;2020-12-17T12:24:23Z;2020-12-17T17:45:50Z;2020-12-17T18:38:53Z;2020-12-17T22:42:19Z;2020-12-17T23:49:04Z;2020-12-17T23:51:34Z;2020-12-18T00:20:55Z;2020-12-18T02:51:09Z;2020-12-18T13:46:33Z;2020-12-18T14:13:37Z;2020-12-18T17:48:37Z;2020-12-18T17:50:50Z;2020-12-18T19:53:24Z;2020-12-22T14:58:17Z;2020-12-22T15:30:30Z;2020-12-23T13:08:30Z;2020-12-23T14:38:36Z;2020-12-23T14:48:37Z;2021-01-02T21:20:48Z;2021-01-02T21:47:44Z;2021-02-01T19:19:22Z;2021-02-02T17:24:21Z;2021-02-02T18:23:56Z;2021-02-02T21:36:12Z;2021-02-03T10:03:48Z;2021-02-03T11:58:54Z;2021-02-03T12:15:24Z;2021-02-03T14:36:33Z;2021-02-03T20:01:41Z;2021-02-07T15:05:39Z;2021-02-07T15:56:48Z;2021-02-08T23:50:01Z;2021-02-09T00:13:37Z;2021-02-09T15:38:48Z;2021-02-09T16:03:19Z;2021-02-09T19:59:32Z;2021-02-09T20:15:38Z;2021-02-10T00:01:48Z;2021-02-10T00:24:37Z;2021-02-15T17:42:08Z;2021-02-15T18:49:43Z;2021-02-16T09:52:47Z;2021-02-24T19:54:42Z;2021-02-24T21:38:37Z;2021-02-25T07:20:58Z;2021-02-25T15:35:01Z;2021-02-25T20:21:56Z;2021-02-26T10:11:45Z;2021-02-26T19:29:13Z;2021-02-26T23:12:53Z;2021-02-28T19:03:55Z;2021-03-01T13:20:34Z;2021-03-01T19:01:48Z;2021-03-02T15:22:17Z;2021-03-02T22:46:22Z;2021-03-03T15:15:53Z;2021-03-03T18:22:55Z;2021-03-04T14:32:54Z;2021-03-07T19:57:31Z;2021-03-09T20:30:56Z;2021-03-09T22:35:10Z;2021-03-10T15:41:34Z;2021-03-10T16:44:50Z;2021-03-10T16:51:10Z;2021-03-10T21:01:25Z;2021-03-10T22:22:15Z;2021-03-10T22:48:20Z;2021-03-11T10:33:10Z;2021-03-11T12:56:22Z;2021-03-12T15:32:10Z;2021-03-15T12:17:30Z;2021-03-15T15:01:34Z;2021-03-15T15:15:09Z;2021-03-17T21:48:01Z;2021-03-17T23:15:50Z;2021-03-18T15:06:04Z;2021-03-18T17:06:28Z;2021-03-18T18:01:40Z;2021-03-18T20:30:27Z;2021-03-18T20:35:46Z;2021-03-19T00:33:14Z;2021-03-19T21:52:30Z;2021-03-24T14:21:38Z;2021-04-14T13:49:36Z;2021-04-15T23:37:57Z;2021-04-15T23:57:26Z;2021-04-19T18:30:47Z;2021-04-19T20:04:38Z;2021-04-20T09:29:29Z;2021-04-20T10:55:32Z;2021-04-20T11:35:25Z;2021-04-21T01:04:48Z;2021-04-21T01:18:21Z;2021-04-21T14:38:06Z;2021-04-21T14:41:10Z;2021-04-21T16:25:46Z;2021-04-21T18:40:53Z;2021-04-22T14:54:35Z;2021-04-26T16:15:52Z;2021-04-26T16:22:29Z;2021-04-26T16:35:07Z;2021-04-27T15:55:07Z;2021-04-27T21:24:44Z;2021-04-28T01:47:53Z;2021-04-28T09:23:51Z;2021-04-28T18:12:47Z;2021-04-29T21:17:15Z;2021-04-30T11:13:42Z;2021-05-03T16:04:08Z;2021-05-03T18:37:13Z;2021-05-06T11:49:26Z;2021-05-25T16:58:38Z;2021-05-26T16:28:36Z;2021-05-26T22:08:48Z;2021-05-27T00:32:37Z;2021-05-27T12:39:18Z;2021-09-28T22:17:30Z;2021-09-29T19:30:55Z;2021-09-30T23:11:58Z;2021-10-21T03:33:23Z;2021-10-29T14:04:22Z;2021-10-29T15:38:13Z;2021-10-29T17:41:24Z;2021-10-29T19:12:42Z;2021-10-29T20:35:01Z;2021-10-29T21:01:18Z;2021-11-01T20:29:49Z;2021-11-01T21:08:50Z;2021-11-01T21:23:40Z;2021-11-02T16:35:25Z;2021-11-03T18:34:18Z;2021-11-03T18:43:04Z;2021-11-03T18:53:28Z;2021-11-04T23:22:33Z;2021-11-08T14:27:23Z;2021-11-15T19:13:48Z;2021-12-08T13:58:48Z;2021-12-09T21:02:16Z;2021-12-10T14:05:10Z;2021-12-14T20:26:25Z;2021-12-15T21:06:44Z;2021-12-28T16:40:04Z;2020-12-14T17:11:27Z;2020-12-14T17:12:48Z;2020-12-14T17:13:56Z;2021-04-10T21:57:46Z;2021-04-14T20:48:49Z;2021-04-28T12:35:57Z;2021-03-16T16:15:51Z;2021-03-16T21:15:07Z;2021-03-18T18:52:49Z;2021-05-18T16:21:33Z;2021-05-18T19:46:45Z;2021-06-02T13:49:30Z;2021-08-02T19:42:38Z;2021-08-19T19:22:06Z;2021-08-19T19:47:48Z;2021-08-19T21:08:59Z;2021-08-19T21:13:53Z;2021-09-10T19:07:47Z;2021-11-02T20:15:45Z;2021-11-03T13:36:16Z;2021-12-13T17:53:36Z;2021-12-16T15:37:04Z;2021-12-17T20:31:32Z;2021-12-17T20:52:34Z;2021-12-20T15:10:05Z;2021-12-20T15:23:31Z;2021-12-20T20:03:39Z;2021-12-24T15:36:43Z;2021-11-28T18:36:33Z;2021-10-14T13:56:36Z;2021-10-14T14:14:22Z;2021-10-14T14:19:50Z;2021-10-14T14:25:08Z;2021-10-14T14:58:06Z;2021-10-14T16:06:41Z;2021-10-14T17:27:55Z;2021-10-14T21:39:13Z;2021-10-14T22:27:55Z;2021-10-14T22:47:37Z;2021-10-15T18:18:04Z;2021-10-19T17:01:10Z;2021-10-19T17:55:32Z;2021-10-19T18:41:42Z;2021-10-21T13:22:28Z;2021-10-21T18:25:32Z;2021-10-21T19:03:40Z;2021-10-22T17:06:30Z;2021-10-22T17:27:12Z;2021-10-22T20:34:21Z;2021-10-22T20:42:14Z;2021-10-22T20:45:26Z
4213,
2427,
1102,
403,
822,
2316,
212,
1870,2020-09-30T08:36:04Z
3496,2021-08-26T18:09:31Z;2021-08-27T03:21:13Z;2021-08-27T10:43:30Z;2021-08-29T23:25:59Z;2021-09-03T14:55:41Z;2021-09-06T03:42:31Z;2021-09-06T18:22:21Z;2021-09-07T16:16:42Z;2021-09-07T16:25:48Z;2021-09-08T09:36:01Z;2021-09-08T09:44:36Z;2021-09-08T09:51:39Z;2021-11-04T01:25:16Z;2021-11-11T12:48:45Z;2021-11-11T12:55:19Z;2021-11-12T02:24:06Z;2021-11-12T07:24:44Z;2021-11-12T09:42:50Z;2021-11-28T14:34:53Z;2021-11-28T14:55:00Z
556,
413,
389,
2180,
1099,
3150,
2455,
